student_id,student_name,school,grade,tel,address,status
s_2021001,劉家瑄,輔大附中,三年級,0978926651,台北市信義區松仁路50號,已離開
s_2021002,吳佳玲,板橋高中,三年級,0961968912,新北市新店區北新路三段88號,
s_2021003,張怡蓁,永春高中,二年級,0926099596,新北市新莊區新樹路123號,
s_2021004,張佳玲,基隆高中,三年級,0971096619,台北市士林區天母東路20號,
s_2021005,黃佳玲,南山中學,三年級,0940510086,台北市士林區天母東路20號,
s_2021006,王志豪,永春高中,一年級,0949037611,台北市中正區忠孝東路一段100號,
s_2021007,張建勳,崇右高中,三年級,0967654578,新北市新莊區新樹路123號,
s_2021008,王家瑄,三重高中,二年級,0978118983,新北市新莊區新樹路123號,
s_2021009,林雅涵,板橋高中,一年級,0929912900,新北市中和區永和路45巷15號,已離開
s_2021010,趙雅涵,三重高中,三年級,0925862230,新北市中和區永和路45巷15號,
s_2021011,李偉漢,華江高中,三年級,0977929425,基隆市仁愛區忠一路17號,
s_2021012,劉建勳,成功高中,二年級,0939915257,台北市大安區信義路四段200號,
s_2021013,劉怡蓁,景美女中,三年級,0947772839,新北市中和區永和路45巷15號,
s_2021014,張雅涵,板橋高中,三年級,0942133788,新北市板橋區中山路一段300號,
s_2021015,李佳玲,崇右高中,三年級,0948368077,基隆市仁愛區忠一路17號,
s_2021016,林雅涵,景文中學,三年級,0934117054,新北市板橋區中山路一段300號,
s_2021017,周建勳,海山高中,一年級,0917727219,新北市新莊區新樹路123號,
s_2021018,李怡蓁,永春高中,二年級,0959586178,新北市新店區北新路三段88號,
s_2021019,陳芳婷,輔大附中,三年級,0961949273,新北市新莊區新樹路123號,
s_2021020,林俊偉,內湖高中,一年級,0929702241,新北市新莊區新樹路123號,
s_2021021,王家豪,成功高中,二年級,0934557841,新北市板橋區中山路一段300號,
s_2021022,陳雅涵,崇右高中,三年級,0944679235,新北市中和區永和路45巷15號,
s_2021023,林家瑄,南山中學,二年級,0912879882,台北市士林區天母東路20號,
s_2021024,王偉漢,南山中學,一年級,0922754008,新北市板橋區中山路一段300號,
s_2021025,李家豪,新莊高中,二年級,0938157904,台北市大安區信義路四段200號,
s_2021026,劉志豪,輔大附中,三年級,0916714262,台北市大安區信義路四段200號,
s_2021027,陳雅涵,三重高中,三年級,0940946647,基隆市仁愛區忠一路17號,
s_2021028,張怡蓁,海山高中,三年級,0912958507,基隆市仁愛區忠一路17號,
s_2021029,陳偉漢,內湖高中,一年級,0936759919,新北市新店區北新路三段88號,
s_2021030,黃雅涵,輔大附中,一年級,0935453111,新北市新莊區新樹路123號,
s_2021031,陳建勳,三重高中,一年級,0962047168,新北市新莊區新樹路123號,
s_2021032,黃心妤,台北市立第一女子高級中學,三年級,0911-835-867,台北市中正區忠孝西路一段120號,
s_2021033,蔡思涵,新北市立新店高級中學,二年級,0911-855-228,台北市中正區忠孝西路一段120號,
s_2021034,黃家豪,台北市立建國高級中學,三年級,0972-394-431,新北市永和區永和路一段100號,
s_2021035,張昀潔,台北市立建國高級中學,二年級,0930-319-973,台北市中正區忠孝西路一段120號,
s_2021036,李思涵,新北市立新店高級中學,二年級,0972-768-392,基隆市仁愛區愛三路50號,
s_2021037,吳昀潔,基隆市立中山高級中學,二年級,0930-808-148,新北市板橋區中山路一段200號,
s_2021038,吳怡君,台北市立第一女子高級中學,二年級,0912-716-313,基隆市中正區北寧路100號,
s_2021039,吳怡君,台北市立第一女子高級中學,一年級,0911-641-730,基隆市仁愛區愛三路50號,
s_2021040,王昱婷,基隆市立中山高級中學,二年級,0911-880-204,新北市永和區永和路一段100號,
s_2021041,王心妤,台北市立第一女子高級中學,三年級,0972-779-214,新北市板橋區中山路一段200號,
s_2021042,蔡思涵,基隆市立中山高級中學,二年級,0952-918-848,台北市信義區松高路11號,
s_2021043,王志豪,台北市立第一女子高級中學,一年級,0912-673-447,新北市永和區永和路一段100號,
s_2021044,蔡佳穎,基隆市立中山高級中學,一年級,0911-226-106,台北市信義區松高路11號,
s_2021045,王冠宇,台北市立建國高級中學,二年級,0992-977-602,新北市永和區永和路一段100號,
s_2021046,蔡昱婷,基隆市立中山高級中學,二年級,0992-870-418,基隆市仁愛區愛三路50號,
s_2021047,王思涵,台北市立第一女子高級中學,三年級,0910-450-417,基隆市仁愛區愛三路50號,
s_2021048,張昱婷,基隆市立中山高級中學,二年級,0931-422-463,新北市板橋區中山路一段200號,
s_2021049,陳思涵,基隆市立中山高級中學,二年級,0930-847-615,台北市信義區松高路11號,
s_2021050,蔡志豪,基隆市立中山高級中學,二年級,0910-907-427,基隆市中正區北寧路100號,
s_2021051,張志豪,台北市立第一女子高級中學,二年級,0912-483-349,台北市中正區忠孝西路一段120號,
s_2021052,吳家豪,台北市立第一女子高級中學,三年級,0930-671-300,基隆市中正區北寧路100號,
s_2021053,林心妤,基隆市立中山高級中學,一年級,0912-888-144,新北市永和區永和路一段100號,
s_2021054,李志豪,基隆市立中山高級中學,二年級,0992-127-474,基隆市中正區北寧路100號,
s_2021055,蔡佳穎,台北市立建國高級中學,二年級,0982-237-471,台北市中正區忠孝西路一段120號,
s_2021056,黃柏翰,新北市立新店高級中學,三年級,0910-802-859,新北市板橋區中山路一段200號,
s_2021057,林佳穎,基隆市立中山高級中學,二年級,0912-427-862,基隆市中正區北寧路100號,
s_2021058,楊家豪,台北市立建國高級中學,二年級,0910-493-862,台北市信義區松高路11號,
s_2021059,王冠宇,新北市立新店高級中學,三年級,0972-514-279,台北市信義區松高路11號,
s_2021060,蔡志豪,台北市立建國高級中學,二年級,0992-689-933,基隆市中正區北寧路100號,
s_2021061,張柏翰,台北市立第一女子高級中學,一年級,0911-504-879,台北市信義區松高路11號,
s_2021062,李志豪,新北市立新店高級中學,三年級,0912-726-974,新北市永和區永和路一段100號,
s_2021063,王佳穎,基隆市立中山高級中學,二年級,0910-852-972,新北市永和區永和路一段100號,
s_2021064,黃志豪,基隆市立中山高級中學,一年級,0910-329-538,新北市板橋區中山路一段200號,
s_2021065,蔡昀潔,基隆市立中山高級中學,一年級,0952-533-471,基隆市中正區北寧路100號,
s_2021066,蔡怡君,新北市立新店高級中學,二年級,0931-247-347,新北市永和區永和路一段100號,
s_2021067,王昱婷,基隆市立中山高級中學,三年級,0912-238-587,新北市板橋區中山路一段200號,
s_2021068,黃佳穎,台北市立第一女子高級中學,二年級,0911-449-905,台北市信義區松高路11號,
s_2021069,劉家豪,新北市立新店高級中學,一年級,0930-144-911,台北市中正區忠孝西路一段120號,
s_2021070,劉昱婷,新北市立新店高級中學,二年級,0972-265-585,新北市板橋區中山路一段200號,
s_2021071,張怡君,新北市立新店高級中學,二年級,0992-342-467,基隆市中正區北寧路100號,
s_2021072,吳思涵,基隆市立中山高級中學,三年級,0911-157-798,基隆市仁愛區愛三路50號,
s_2021073,楊心妤,新北市立新店高級中學,二年級,0912-859-982,新北市永和區永和路一段100號,
s_2021074,陳冠宇,基隆市立中山高級中學,三年級,0982-750-982,新北市板橋區中山路一段200號,
s_2021075,李柏翰,台北市立第一女子高級中學,三年級,0992-597-107,基隆市中正區北寧路100號,
s_2021076,楊思涵,新北市立新店高級中學,三年級,0912-791-601,台北市信義區松高路11號,
s_2021077,林怡君,新北市立新店高級中學,二年級,0931-714-941,基隆市中正區北寧路100號,
s_2021078,楊志豪,新北市立新店高級中學,三年級,0911-375-267,新北市板橋區中山路一段200號,
s_2021079,張昱婷,台北市立第一女子高級中學,三年級,0952-733-257,基隆市中正區北寧路100號,
s_2021080,劉昀潔,台北市立建國高級中學,三年級,0930-546-579,台北市信義區松高路11號,
s_2021081,吳柏翰,台北市立第一女子高級中學,三年級,0982-193-879,台北市信義區松高路11號,
s_2021082,張怡君,基隆市立中山高級中學,二年級,0912-585-486,台北市中正區忠孝西路一段120號,
s_2021083,陳佳穎,台北市立第一女子高級中學,二年級,0910-418-229,台北市中正區忠孝西路一段120號,
s_2021084,陳冠宇,台北市立第一女子高級中學,一年級,0930-641-449,新北市永和區永和路一段100號,
s_2021085,黃昱婷,新北市立新店高級中學,二年級,0952-175-612,新北市永和區永和路一段100號,
s_2021086,陳志豪,新北市立新店高級中學,三年級,0912-336-344,新北市永和區永和路一段100號,
s_2021087,張佳穎,台北市立第一女子高級中學,三年級,0911-734-410,新北市永和區永和路一段100號,
s_2021088,李志豪,台北市立第一女子高級中學,二年級,0930-577-423,新北市板橋區中山路一段200號,
s_2021089,王思涵,台北市立第一女子高級中學,一年級,0952-173-887,台北市信義區松高路11號,
s_2021090,劉佳穎,新北市立新店高級中學,三年級,0912-763-510,台北市信義區松高路11號,
s_2021091,黃佳穎,基隆市立中山高級中學,三年級,0930-546-141,基隆市仁愛區愛三路50號,
s_2021092,林怡君,台北市立第一女子高級中學,二年級,0952-884-987,基隆市中正區北寧路100號,
s_2021093,黃心妤,台北市立建國高級中學,一年級,0952-886-263,新北市永和區永和路一段100號,
s_2021094,蔡昀潔,基隆市立中山高級中學,三年級,0952-987-514,台北市信義區松高路11號,
s_2021095,劉昱婷,新北市立新店高級中學,三年級,0992-236-661,台北市中正區忠孝西路一段120號,
s_2021096,黃佳穎,台北市立建國高級中學,一年級,0930-433-333,新北市板橋區中山路一段200號,
s_2021097,蔡家豪,台北市立建國高級中學,二年級,0912-229-480,台北市中正區忠孝西路一段120號,
s_2021098,林怡君,基隆市立中山高級中學,三年級,0982-476-316,新北市板橋區中山路一段200號,
s_2021099,張冠宇,新北市立新店高級中學,一年級,0972-548-614,台北市信義區松高路11號,
s_2021100,楊昱婷,新北市立新店高級中學,一年級,0910-273-843,新北市板橋區中山路一段200號,
s_2021101,王柏翰,台北市立第一女子高級中學,二年級,0972-428-123,台北市信義區松高路11號,
s_2021102,林佳穎,新北市立新店高級中學,二年級,0930-709-162,基隆市仁愛區愛三路50號,
s_2021103,張冠宇,新北市立新店高級中學,一年級,0972-515-631,台北市中正區忠孝西路一段120號,
s_2021104,劉佳穎,台北市立建國高級中學,二年級,0972-507-879,基隆市仁愛區愛三路50號,
s_2021105,劉志豪,新北市立新店高級中學,一年級,0912-216-108,基隆市仁愛區愛三路50號,
s_2021106,楊思涵,台北市立建國高級中學,三年級,0911-150-326,基隆市仁愛區愛三路50號,
s_2021107,林志豪,基隆市立中山高級中學,二年級,0952-170-421,新北市板橋區中山路一段200號,
s_2021108,林佳穎,基隆市立中山高級中學,二年級,0972-191-744,台北市中正區忠孝西路一段120號,
s_2021109,吳柏翰,新北市立新店高級中學,三年級,0982-858-565,基隆市中正區北寧路100號,
s_2021110,蔡思涵,台北市立第一女子高級中學,三年級,0911-835-579,新北市永和區永和路一段100號,
s_2021111,吳昱婷,台北市立建國高級中學,三年級,0911-640-823,台北市信義區松高路11號,
s_2021112,林昱婷,台北市立建國高級中學,三年級,0952-947-348,基隆市仁愛區愛三路50號,
s_2021113,王思涵,新北市立新店高級中學,一年級,0982-546-363,新北市板橋區中山路一段200號,
s_2021114,林怡君,台北市立建國高級中學,一年級,0992-247-602,新北市板橋區中山路一段200號,
s_2021115,黃昱婷,新北市立新店高級中學,一年級,0911-770-626,台北市信義區松高路11號,
s_2021116,陳佳穎,基隆市立中山高級中學,二年級,0931-543-200,台北市信義區松高路11號,
s_2021117,黃思涵,台北市立第一女子高級中學,二年級,0911-197-407,新北市板橋區中山路一段200號,
s_2021118,陳昀潔,基隆市立中山高級中學,一年級,0930-740-455,新北市永和區永和路一段100號,
s_2021119,吳怡君,台北市立第一女子高級中學,三年級,0982-317-307,基隆市中正區北寧路100號,
s_2021120,林昱婷,台北市立建國高級中學,一年級,0912-132-884,基隆市仁愛區愛三路50號,
s_2021121,陳冠宇,台北市立第一女子高級中學,一年級,0992-981-616,基隆市中正區北寧路100號,
s_2021122,陳怡君,台北市立第一女子高級中學,一年級,0931-198-277,台北市中正區忠孝西路一段120號,
s_2021123,張昀潔,新北市立新店高級中學,一年級,0911-108-932,台北市信義區松高路11號,
s_2021124,蔡佳穎,台北市立建國高級中學,三年級,0992-652-737,基隆市仁愛區愛三路50號,
s_2021125,陳怡君,台北市立建國高級中學,一年級,0911-907-653,基隆市仁愛區愛三路50號,
s_2021126,黃志豪,台北市立建國高級中學,三年級,0972-355-452,基隆市中正區北寧路100號,
s_2021127,蔡心妤,基隆市立中山高級中學,二年級,0992-485-829,台北市中正區忠孝西路一段120號,
s_2021128,林怡君,台北市立第一女子高級中學,一年級,0930-181-974,基隆市仁愛區愛三路50號,
s_2021129,張柏翰,新北市立新店高級中學,三年級,0930-852-741,基隆市中正區北寧路100號,
s_2021130,王心妤,台北市立建國高級中學,二年級,0911-140-123,新北市板橋區中山路一段200號,
s_2021131,張昱婷,台北市立第一女子高級中學,二年級,0930-984-108,台北市信義區松高路11號,
s_2021132,李昀潔,新北市立新店高級中學,二年級,0992-624-343,台北市信義區松高路11號,
s_2021133,劉怡君,新北市立新店高級中學,三年級,0931-678-116,新北市板橋區中山路一段200號,
s_2021134,吳家豪,台北市立第一女子高級中學,三年級,0910-475-323,新北市永和區永和路一段100號,
s_2021135,王昱婷,台北市立建國高級中學,二年級,0952-802-995,基隆市中正區北寧路100號,
s_2021136,蔡家豪,台北市立第一女子高級中學,三年級,0911-823-570,新北市板橋區中山路一段200號,
s_2021137,張家豪,基隆市立中山高級中學,二年級,0911-358-690,台北市中正區忠孝西路一段120號,
s_2021138,林昱婷,新北市立新店高級中學,二年級,0912-655-979,基隆市中正區北寧路100號,
s_2021139,蔡柏翰,新北市立新店高級中學,三年級,0911-566-192,新北市永和區永和路一段100號,
s_2021140,李思涵,基隆市立中山高級中學,二年級,0972-264-750,台北市信義區松高路11號,
s_2021141,李昱婷,台北市立建國高級中學,三年級,0982-603-873,基隆市仁愛區愛三路50號,
s_2021142,林昱婷,台北市立建國高級中學,二年級,0972-284-390,基隆市仁愛區愛三路50號,
s_2021143,張思涵,台北市立第一女子高級中學,二年級,0910-217-588,台北市信義區松高路11號,
s_2021144,王柏翰,基隆市立中山高級中學,一年級,0912-613-297,台北市中正區忠孝西路一段120號,
s_2021145,王志豪,新北市立新店高級中學,二年級,0931-266-924,新北市板橋區中山路一段200號,
s_2021146,吳冠宇,台北市立建國高級中學,二年級,0910-797-357,新北市板橋區中山路一段200號,
s_2021147,張佳穎,台北市立第一女子高級中學,三年級,0912-750-775,台北市中正區忠孝西路一段120號,
s_2021148,劉柏翰,基隆市立中山高級中學,一年級,0931-239-653,新北市板橋區中山路一段200號,
s_2021149,林家豪,台北市立建國高級中學,二年級,0982-785-743,基隆市中正區北寧路100號,
s_2021150,張昀潔,台北市立建國高級中學,三年級,0972-396-987,新北市永和區永和路一段100號,
s_2021151,王心妤,台北市立第一女子高級中學,一年級,0931-954-485,新北市永和區永和路一段100號,
s_2021152,林佳穎,基隆市立中山高級中學,二年級,0930-315-517,基隆市仁愛區愛三路50號,
s_2021153,林志豪,台北市立第一女子高級中學,三年級,0910-363-335,新北市永和區永和路一段100號,
s_2021154,陳志豪,台北市立第一女子高級中學,二年級,0982-351-145,新北市板橋區中山路一段200號,
s_2021155,劉怡君,台北市立建國高級中學,三年級,0992-557-655,新北市板橋區中山路一段200號,
s_2021156,楊家豪,台北市立第一女子高級中學,一年級,0930-293-294,台北市信義區松高路11號,
s_2021157,蔡心妤,新北市立新店高級中學,三年級,0992-319-489,基隆市仁愛區愛三路50號,
s_2021158,李昱婷,台北市立建國高級中學,一年級,0992-346-383,新北市板橋區中山路一段200號,
s_2021159,劉家豪,台北市立第一女子高級中學,一年級,0930-349-429,台北市中正區忠孝西路一段120號,
s_2021160,黃昱婷,基隆市立中山高級中學,三年級,0982-979-454,台北市信義區松高路11號,
s_2021161,王家豪,基隆市立中山高級中學,二年級,0911-293-429,基隆市仁愛區愛三路50號,
s_2021162,劉柏翰,台北市立第一女子高級中學,一年級,0930-302-381,基隆市仁愛區愛三路50號,
s_2021163,張冠宇,基隆市立中山高級中學,二年級,0992-669-434,基隆市仁愛區愛三路50號,
s_2021164,蔡家豪,台北市立建國高級中學,二年級,0910-915-120,基隆市中正區北寧路100號,
s_2021165,黃佳穎,台北市立第一女子高級中學,二年級,0930-275-603,台北市中正區忠孝西路一段120號,
s_2021166,李柏翰,基隆市立中山高級中學,二年級,0912-174-301,新北市永和區永和路一段100號,
s_2021167,林昀潔,新北市立新店高級中學,三年級,0910-215-698,台北市信義區松高路11號,
s_2022001,劉柏翰,基隆市立中山高級中學,一年級,0992-105-795,台北市中正區忠孝西路一段120號,
s_2022002,李志豪,新北市立新店高級中學,二年級,0992-797-337,新北市永和區永和路一段100號,
s_2022003,王佳穎,基隆市立中山高級中學,一年級,0982-963-891,基隆市中正區北寧路100號,
s_2022004,李冠宇,台北市立第一女子高級中學,三年級,0972-558-707,台北市信義區松高路11號,
s_2022005,林家豪,新北市立新店高級中學,三年級,0982-610-364,台北市中正區忠孝西路一段120號,
s_2022006,陳昀潔,台北市立第一女子高級中學,三年級,0931-191-548,台北市中正區忠孝西路一段120號,
s_2022007,吳志豪,新北市立新店高級中學,二年級,0972-500-645,台北市中正區忠孝西路一段120號,
s_2022008,楊志豪,基隆市立中山高級中學,一年級,0992-793-737,台北市中正區忠孝西路一段120號,
s_2022009,李冠宇,基隆市立中山高級中學,一年級,0912-456-970,新北市永和區永和路一段100號,
s_2022010,張昀潔,新北市立新店高級中學,一年級,0972-640-802,台北市中正區忠孝西路一段120號,
s_2022011,陳佳穎,新北市立新店高級中學,三年級,0972-641-269,新北市永和區永和路一段100號,
s_2022012,張昀潔,基隆市立中山高級中學,一年級,0952-811-764,基隆市中正區北寧路100號,
s_2022013,黃昱婷,台北市立第一女子高級中學,一年級,0911-200-430,台北市中正區忠孝西路一段120號,
s_2022014,蔡志豪,新北市立新店高級中學,二年級,0952-614-141,新北市板橋區中山路一段200號,
s_2022015,蔡冠宇,台北市立建國高級中學,一年級,0992-934-771,台北市信義區松高路11號,
s_2022016,蔡心妤,台北市立建國高級中學,二年級,0930-536-792,基隆市仁愛區愛三路50號,
s_2022017,吳昀潔,台北市立建國高級中學,二年級,0930-778-133,基隆市仁愛區愛三路50號,
s_2022018,王冠宇,台北市立第一女子高級中學,二年級,0972-482-283,新北市板橋區中山路一段200號,
s_2022019,蔡思涵,基隆市立中山高級中學,一年級,0952-658-837,新北市永和區永和路一段100號,
s_2022020,張怡君,新北市立新店高級中學,一年級,0931-281-716,新北市板橋區中山路一段200號,
s_2022021,林志豪,基隆市立中山高級中學,二年級,0910-430-976,基隆市中正區北寧路100號,
s_2022022,王心妤,基隆市立中山高級中學,二年級,0992-170-789,基隆市仁愛區愛三路50號,
s_2022023,吳怡君,台北市立建國高級中學,一年級,0931-179-752,新北市永和區永和路一段100號,
s_2022024,楊怡君,台北市立第一女子高級中學,一年級,0930-459-341,基隆市中正區北寧路100號,
s_2022025,蔡佳穎,基隆市立中山高級中學,一年級,0912-487-578,台北市中正區忠孝西路一段120號,
s_2022026,陳志豪,台北市立第一女子高級中學,三年級,0982-339-207,台北市信義區松高路11號,
s_2022027,吳冠宇,基隆市立中山高級中學,二年級,0910-283-405,新北市板橋區中山路一段200號,
s_2022028,林思涵,新北市立新店高級中學,二年級,0931-323-235,新北市板橋區中山路一段200號,
s_2022029,陳冠宇,台北市立建國高級中學,一年級,0911-724-267,新北市永和區永和路一段100號,
s_2022030,王柏翰,台北市立第一女子高級中學,二年級,0931-502-939,台北市中正區忠孝西路一段120號,
s_2022031,王佳穎,台北市立建國高級中學,二年級,0910-627-792,基隆市中正區北寧路100號,
s_2022032,陳昱婷,基隆市立中山高級中學,一年級,0931-896-311,新北市永和區永和路一段100號,
s_2022033,蔡家豪,台北市立建國高級中學,二年級,0911-824-907,新北市板橋區中山路一段200號,
s_2022034,張昀潔,台北市立第一女子高級中學,二年級,0930-552-927,基隆市中正區北寧路100號,
s_2022035,張柏翰,台北市立第一女子高級中學,一年級,0911-530-405,台北市中正區忠孝西路一段120號,
s_2022036,林家豪,新北市立新店高級中學,一年級,0952-965-308,基隆市中正區北寧路100號,
s_2022037,林昱婷,新北市立新店高級中學,一年級,0911-408-928,台北市中正區忠孝西路一段120號,
s_2022038,蔡家豪,台北市立建國高級中學,一年級,0911-897-199,基隆市仁愛區愛三路50號,
s_2022039,蔡家豪,新北市立新店高級中學,二年級,0911-320-761,新北市永和區永和路一段100號,
s_2022040,林志豪,基隆市立中山高級中學,一年級,0992-743-676,基隆市中正區北寧路100號,
s_2022041,蔡志豪,基隆市立中山高級中學,三年級,0972-868-657,台北市中正區忠孝西路一段120號,
s_2022042,李佳穎,台北市立第一女子高級中學,一年級,0912-254-219,台北市信義區松高路11號,
s_2022043,李柏翰,新北市立新店高級中學,三年級,0972-610-151,台北市中正區忠孝西路一段120號,
s_2022044,張冠宇,基隆市立中山高級中學,三年級,0910-548-621,新北市永和區永和路一段100號,
s_2022045,張思涵,台北市立第一女子高級中學,一年級,0972-417-313,基隆市仁愛區愛三路50號,
s_2022046,黃家豪,台北市立建國高級中學,二年級,0952-623-731,新北市板橋區中山路一段200號,
s_2022047,張昱婷,基隆市立中山高級中學,三年級,0930-784-715,新北市永和區永和路一段100號,
s_2022048,吳家豪,基隆市立中山高級中學,二年級,0931-115-963,基隆市仁愛區愛三路50號,
s_2022049,蔡昱婷,台北市立建國高級中學,二年級,0930-171-296,基隆市仁愛區愛三路50號,
s_2022050,李思涵,台北市立建國高級中學,三年級,0931-607-205,基隆市中正區北寧路100號,
s_2022051,陳昱婷,台北市立建國高級中學,二年級,0952-163-983,基隆市中正區北寧路100號,
s_2022052,李怡君,台北市立第一女子高級中學,三年級,0931-209-440,台北市中正區忠孝西路一段120號,
s_2022053,蔡家豪,台北市立第一女子高級中學,二年級,0972-212-482,新北市板橋區中山路一段200號,
s_2022054,李家豪,台北市立第一女子高級中學,三年級,0911-901-234,台北市信義區松高路11號,
s_2022055,楊心妤,基隆市立中山高級中學,一年級,0952-123-600,新北市板橋區中山路一段200號,
s_2022056,蔡心妤,新北市立新店高級中學,二年級,0992-380-551,新北市永和區永和路一段100號,
s_2022057,吳心妤,台北市立建國高級中學,二年級,0982-193-282,台北市中正區忠孝西路一段120號,
s_2022058,陳家豪,台北市立建國高級中學,二年級,0992-368-527,新北市板橋區中山路一段200號,
s_2022059,楊昱婷,基隆市立中山高級中學,一年級,0992-408-632,基隆市仁愛區愛三路50號,
s_2022060,李志豪,台北市立建國高級中學,三年級,0972-978-533,台北市信義區松高路11號,
s_2022061,楊家豪,基隆市立中山高級中學,二年級,0931-478-668,新北市永和區永和路一段100號,
s_2022062,黃怡君,台北市立第一女子高級中學,三年級,0930-417-296,新北市板橋區中山路一段200號,
s_2022063,劉昱婷,台北市立第一女子高級中學,二年級,0952-775-886,基隆市仁愛區愛三路50號,
s_2022064,陳怡君,新北市立新店高級中學,一年級,0931-746-931,基隆市仁愛區愛三路50號,
s_2022065,劉昱婷,基隆市立中山高級中學,一年級,0910-583-680,基隆市仁愛區愛三路50號,
s_2022066,黃佳穎,新北市立新店高級中學,二年級,0910-975-429,台北市信義區松高路11號,
s_2022067,劉昱婷,台北市立第一女子高級中學,三年級,0912-343-917,台北市中正區忠孝西路一段120號,
s_2022068,黃佳穎,基隆市立中山高級中學,二年級,0931-954-732,台北市中正區忠孝西路一段120號,
s_2022069,劉昀潔,基隆市立中山高級中學,二年級,0992-616-569,基隆市仁愛區愛三路50號,
s_2022070,黃思涵,台北市立第一女子高級中學,一年級,0992-522-921,新北市板橋區中山路一段200號,
s_2022071,吳柏翰,台北市立建國高級中學,三年級,0992-525-999,基隆市中正區北寧路100號,
s_2022072,李思涵,台北市立建國高級中學,三年級,0952-962-732,新北市永和區永和路一段100號,
s_2022073,楊怡君,基隆市立中山高級中學,一年級,0912-197-289,新北市永和區永和路一段100號,
s_2022074,陳怡君,台北市立第一女子高級中學,三年級,0911-890-131,台北市信義區松高路11號,
s_2022075,楊昱婷,台北市立第一女子高級中學,一年級,0992-498-685,台北市中正區忠孝西路一段120號,
s_2022076,李思涵,基隆市立中山高級中學,二年級,0972-565-776,台北市中正區忠孝西路一段120號,
s_2022077,劉怡君,新北市立新店高級中學,二年級,0992-903-199,基隆市仁愛區愛三路50號,
s_2022078,陳心妤,基隆市立中山高級中學,一年級,0931-908-947,基隆市仁愛區愛三路50號,
s_2022079,王柏翰,台北市立第一女子高級中學,三年級,0931-411-208,基隆市中正區北寧路100號,
s_2022080,張佳穎,台北市立第一女子高級中學,一年級,0931-929-254,台北市中正區忠孝西路一段120號,
s_2022081,劉心妤,新北市立新店高級中學,二年級,0982-906-453,新北市板橋區中山路一段200號,
s_2022082,李志豪,台北市立建國高級中學,一年級,0982-914-428,基隆市仁愛區愛三路50號,
s_2022083,劉佳穎,基隆市立中山高級中學,三年級,0992-163-524,新北市板橋區中山路一段200號,
s_2022084,吳思涵,新北市立新店高級中學,三年級,0911-590-928,台北市中正區忠孝西路一段120號,
s_2022085,林家豪,台北市立第一女子高級中學,一年級,0910-678-224,基隆市仁愛區愛三路50號,
s_2022086,林家豪,台北市立建國高級中學,二年級,0931-842-918,基隆市中正區北寧路100號,
s_2022087,林柏翰,基隆市立中山高級中學,一年級,0931-294-414,台北市信義區松高路11號,
s_2022088,張志豪,台北市立建國高級中學,三年級,0931-587-683,新北市板橋區中山路一段200號,
s_2022089,張志豪,台北市立建國高級中學,三年級,0972-517-781,台北市中正區忠孝西路一段120號,
s_2022090,王家豪,台北市立第一女子高級中學,二年級,0910-692-759,台北市信義區松高路11號,
s_2022091,林柏翰,新北市立新店高級中學,三年級,0982-639-407,基隆市仁愛區愛三路50號,
s_2022092,林思涵,台北市立建國高級中學,二年級,0931-246-320,基隆市仁愛區愛三路50號,
s_2022093,黃昀潔,基隆市立中山高級中學,二年級,0930-598-843,基隆市中正區北寧路100號,
s_2022094,張志豪,新北市立新店高級中學,三年級,0982-489-965,基隆市仁愛區愛三路50號,
s_2022095,林怡君,台北市立第一女子高級中學,一年級,0952-509-690,基隆市中正區北寧路100號,
s_2022096,蔡柏翰,台北市立第一女子高級中學,三年級,0910-858-531,基隆市中正區北寧路100號,
s_2022097,蔡昀潔,新北市立新店高級中學,二年級,0910-357-116,新北市永和區永和路一段100號,
s_2022098,張志豪,台北市立建國高級中學,二年級,0952-934-437,基隆市中正區北寧路100號,
s_2022099,蔡志豪,新北市立新店高級中學,一年級,0972-586-196,新北市板橋區中山路一段200號,
s_2022100,楊昱婷,新北市立新店高級中學,三年級,0930-740-758,台北市信義區松高路11號,
s_2022101,劉昀潔,台北市立第一女子高級中學,二年級,0982-791-777,台北市中正區忠孝西路一段120號,
s_2022102,楊柏翰,基隆市立中山高級中學,三年級,0931-242-753,新北市板橋區中山路一段200號,
s_2022103,張怡君,基隆市立中山高級中學,一年級,0912-335-860,台北市中正區忠孝西路一段120號,
s_2022104,王昱婷,台北市立建國高級中學,三年級,0910-358-925,台北市信義區松高路11號,
s_2022105,楊怡君,基隆市立中山高級中學,一年級,0931-801-354,基隆市中正區北寧路100號,
s_2022106,楊志豪,台北市立第一女子高級中學,一年級,0972-108-383,台北市中正區忠孝西路一段120號,
s_2022107,楊思涵,台北市立第一女子高級中學,二年級,0912-103-890,基隆市仁愛區愛三路50號,
s_2022108,楊冠宇,新北市立新店高級中學,二年級,0911-705-555,基隆市仁愛區愛三路50號,
s_2022109,劉柏翰,台北市立第一女子高級中學,三年級,0931-239-231,台北市中正區忠孝西路一段120號,
s_2022110,陳怡君,台北市立建國高級中學,一年級,0911-383-715,基隆市仁愛區愛三路50號,
s_2022111,蔡昱婷,台北市立第一女子高級中學,二年級,0930-540-650,台北市信義區松高路11號,
s_2022112,王冠宇,台北市立第一女子高級中學,二年級,0910-340-370,新北市永和區永和路一段100號,
s_2022113,張志豪,台北市立第一女子高級中學,一年級,0992-823-526,基隆市仁愛區愛三路50號,
s_2022114,陳昱婷,台北市立建國高級中學,三年級,0982-950-847,台北市中正區忠孝西路一段120號,
s_2022115,蔡佳穎,台北市立第一女子高級中學,二年級,0972-440-581,新北市板橋區中山路一段200號,
s_2022116,吳柏翰,基隆市立中山高級中學,一年級,0930-792-320,台北市信義區松高路11號,
s_2022117,蔡柏翰,新北市立新店高級中學,二年級,0972-154-997,台北市中正區忠孝西路一段120號,
s_2022118,黃佳穎,台北市立建國高級中學,三年級,0931-567-870,基隆市仁愛區愛三路50號,
s_2022119,王家豪,台北市立建國高級中學,二年級,0972-727-365,台北市信義區松高路11號,
s_2022120,陳佳穎,台北市立建國高級中學,二年級,0982-532-107,基隆市仁愛區愛三路50號,
s_2022121,黃心妤,台北市立建國高級中學,一年級,0972-576-521,新北市板橋區中山路一段200號,
s_2022122,吳志豪,基隆市立中山高級中學,一年級,0911-234-292,基隆市中正區北寧路100號,
s_2022123,張志豪,台北市立建國高級中學,三年級,0912-162-884,台北市中正區忠孝西路一段120號,
s_2022124,蔡家豪,新北市立新店高級中學,二年級,0930-866-112,新北市板橋區中山路一段200號,
s_2022125,吳昀潔,台北市立建國高級中學,三年級,0982-915-256,新北市永和區永和路一段100號,
s_2022126,劉昀潔,基隆市立中山高級中學,三年級,0910-864-289,基隆市仁愛區愛三路50號,
s_2022127,吳昀潔,基隆市立中山高級中學,二年級,0912-142-364,台北市信義區松高路11號,
s_2022128,吳志豪,台北市立建國高級中學,一年級,0930-257-157,基隆市中正區北寧路100號,
s_2022129,蔡志豪,新北市立新店高級中學,二年級,0982-235-422,台北市中正區忠孝西路一段120號,
s_2022130,吳佳穎,新北市立新店高級中學,二年級,0972-504-600,基隆市中正區北寧路100號,
s_2022131,李思涵,新北市立新店高級中學,一年級,0911-480-215,台北市中正區忠孝西路一段120號,
s_2022132,楊佳穎,新北市立新店高級中學,三年級,0982-989-758,新北市永和區永和路一段100號,
s_2022133,張心妤,台北市立第一女子高級中學,一年級,0982-342-286,新北市永和區永和路一段100號,
s_2022134,李怡君,台北市立第一女子高級中學,一年級,0992-877-776,基隆市仁愛區愛三路50號,
s_2022135,吳心妤,新北市立新店高級中學,一年級,0972-153-949,新北市永和區永和路一段100號,
s_2022136,陳佳穎,新北市立新店高級中學,二年級,0972-221-406,新北市板橋區中山路一段200號,
s_2022137,張志豪,基隆市立中山高級中學,一年級,0972-826-691,台北市信義區松高路11號,
s_2022138,楊柏翰,基隆市立中山高級中學,三年級,0911-586-711,新北市永和區永和路一段100號,
s_2022139,劉思涵,新北市立新店高級中學,二年級,0972-240-607,台北市信義區松高路11號,
s_2022140,張昀潔,台北市立第一女子高級中學,二年級,0992-467-670,台北市信義區松高路11號,
s_2022141,林柏翰,新北市立新店高級中學,一年級,0982-544-876,基隆市中正區北寧路100號,
s_2022142,王佳穎,台北市立建國高級中學,一年級,0912-142-601,新北市板橋區中山路一段200號,
s_2022143,李怡君,台北市立第一女子高級中學,三年級,0992-247-581,基隆市中正區北寧路100號,
s_2022144,劉志豪,台北市立建國高級中學,二年級,0992-332-874,台北市信義區松高路11號,
s_2022145,黃心妤,台北市立建國高級中學,二年級,0930-215-752,新北市永和區永和路一段100號,
s_2022146,王心妤,台北市立建國高級中學,三年級,0952-953-800,台北市中正區忠孝西路一段120號,
s_2022147,陳柏翰,新北市立新店高級中學,一年級,0930-142-650,台北市中正區忠孝西路一段120號,
s_2022148,王冠宇,台北市立第一女子高級中學,一年級,0930-279-427,台北市中正區忠孝西路一段120號,
s_2022149,黃家豪,新北市立新店高級中學,一年級,0982-235-749,基隆市仁愛區愛三路50號,
s_2022150,陳冠宇,基隆市立中山高級中學,一年級,0992-508-281,台北市中正區忠孝西路一段120號,
s_2022151,李思涵,台北市立建國高級中學,三年級,0982-596-617,基隆市中正區北寧路100號,
s_2022152,李怡君,台北市立建國高級中學,一年級,0912-149-386,基隆市中正區北寧路100號,
s_2022153,林佳穎,台北市立第一女子高級中學,二年級,0910-828-558,新北市板橋區中山路一段200號,
s_2022154,張家豪,台北市立第一女子高級中學,二年級,0972-221-729,基隆市仁愛區愛三路50號,
s_2022155,王志豪,台北市立第一女子高級中學,一年級,0912-383-913,新北市永和區永和路一段100號,
s_2022156,王志豪,台北市立建國高級中學,二年級,0911-616-944,新北市永和區永和路一段100號,
s_2022157,陳冠宇,台北市立建國高級中學,一年級,0982-587-359,基隆市仁愛區愛三路50號,
s_2022158,蔡怡君,台北市立建國高級中學,三年級,0952-643-591,台北市中正區忠孝西路一段120號,
s_2022159,李昱婷,台北市立第一女子高級中學,三年級,0952-773-736,台北市中正區忠孝西路一段120號,
s_2022160,楊冠宇,台北市立第一女子高級中學,二年級,0952-997-990,新北市板橋區中山路一段200號,
s_2022161,張心妤,台北市立建國高級中學,三年級,0912-429-994,基隆市仁愛區愛三路50號,
s_2022162,劉冠宇,基隆市立中山高級中學,三年級,0931-831-855,基隆市中正區北寧路100號,
s_2022163,劉思涵,台北市立建國高級中學,一年級,0912-703-575,新北市板橋區中山路一段200號,
s_2022164,李佳穎,台北市立第一女子高級中學,二年級,0910-923-825,新北市永和區永和路一段100號,
s_2022165,陳柏翰,台北市立第一女子高級中學,一年級,0972-457-183,基隆市中正區北寧路100號,
s_2022166,張昀潔,台北市立第一女子高級中學,二年級,0912-875-391,基隆市仁愛區愛三路50號,
s_2022167,林柏翰,新北市立新店高級中學,三年級,0952-196-234,新北市板橋區中山路一段200號,
s_2022168,楊心妤,台北市立第一女子高級中學,三年級,0930-159-339,基隆市中正區北寧路100號,
s_2022169,楊佳穎,新北市立新店高級中學,二年級,0930-300-863,基隆市中正區北寧路100號,
s_2022170,蔡冠宇,新北市立新店高級中學,三年級,0931-977-247,台北市中正區忠孝西路一段120號,
s_2022171,李思涵,基隆市立中山高級中學,三年級,0992-486-321,台北市信義區松高路11號,
s_2022172,林家豪,基隆市立中山高級中學,一年級,0911-586-235,台北市中正區忠孝西路一段120號,
s_2022173,張志豪,台北市立建國高級中學,一年級,0972-860-630,基隆市仁愛區愛三路50號,
s_2022174,王怡君,台北市立建國高級中學,三年級,0911-935-930,新北市板橋區中山路一段200號,
s_2022175,蔡冠宇,台北市立建國高級中學,三年級,0982-136-985,新北市永和區永和路一段100號,
s_2022176,吳思涵,新北市立新店高級中學,二年級,0972-162-126,新北市板橋區中山路一段200號,
s_2022177,陳昱婷,新北市立新店高級中學,三年級,0992-125-295,台北市中正區忠孝西路一段120號,
s_2022178,陳冠宇,台北市立第一女子高級中學,二年級,0912-893-486,新北市板橋區中山路一段200號,
s_2022179,林柏翰,新北市立新店高級中學,三年級,0911-964-490,新北市板橋區中山路一段200號,
s_2022180,王心妤,基隆市立中山高級中學,三年級,0910-772-148,台北市中正區忠孝西路一段120號,
s_2022181,陳怡君,台北市立建國高級中學,一年級,0992-253-401,台北市信義區松高路11號,
s_2022182,蔡佳穎,新北市立新店高級中學,二年級,0910-423-182,新北市板橋區中山路一段200號,
s_2022183,張昀潔,台北市立建國高級中學,一年級,0911-820-115,台北市信義區松高路11號,
s_2022184,劉佳穎,基隆市立中山高級中學,二年級,0931-675-453,新北市板橋區中山路一段200號,
s_2022185,陳昱婷,台北市立第一女子高級中學,二年級,0930-109-289,新北市永和區永和路一段100號,
s_2022186,楊冠宇,基隆市立中山高級中學,一年級,0912-963-691,新北市永和區永和路一段100號,
s_2022187,蔡昀潔,台北市立第一女子高級中學,一年級,0982-104-762,新北市永和區永和路一段100號,
s_2022188,楊怡君,台北市立建國高級中學,一年級,0910-709-479,台北市中正區忠孝西路一段120號,
s_2022189,黃思涵,台北市立第一女子高級中學,一年級,0910-831-959,基隆市中正區北寧路100號,
s_2022190,劉思涵,基隆市立中山高級中學,三年級,0992-539-631,新北市永和區永和路一段100號,
s_2022191,王心妤,台北市立第一女子高級中學,三年級,0931-636-460,基隆市中正區北寧路100號,
s_2022192,張思涵,新北市立新店高級中學,一年級,0912-953-334,基隆市中正區北寧路100號,
s_2022193,王昱婷,基隆市立中山高級中學,三年級,0930-244-343,新北市永和區永和路一段100號,
s_2022194,吳昱婷,基隆市立中山高級中學,二年級,0992-580-702,台北市信義區松高路11號,
s_2022195,陳柏翰,基隆市立中山高級中學,三年級,0972-793-715,台北市信義區松高路11號,
s_2022196,劉冠宇,台北市立第一女子高級中學,三年級,0952-153-285,新北市板橋區中山路一段200號,
s_2022197,蔡昱婷,基隆市立中山高級中學,三年級,0952-801-421,新北市永和區永和路一段100號,
s_2022198,劉怡君,台北市立第一女子高級中學,一年級,0952-434-998,台北市中正區忠孝西路一段120號,
s_2022199,王家豪,新北市立新店高級中學,二年級,0972-679-318,新北市永和區永和路一段100號,
s_2022200,吳家豪,新北市立新店高級中學,三年級,0931-694-322,台北市中正區忠孝西路一段120號,
s_2022201,吳家豪,台北市立建國高級中學,二年級,0912-137-130,基隆市仁愛區愛三路50號,
s_2022202,蔡家豪,台北市立建國高級中學,二年級,0911-846-459,基隆市仁愛區愛三路50號,
s_2022203,吳家豪,基隆市立中山高級中學,二年級,0952-798-265,基隆市仁愛區愛三路50號,
s_2022204,楊昱婷,台北市立建國高級中學,一年級,0912-518-534,新北市永和區永和路一段100號,
s_2022205,李柏翰,台北市立建國高級中學,一年級,0931-949-367,台北市信義區松高路11號,
s_2022206,劉冠宇,基隆市立中山高級中學,二年級,0931-595-155,新北市板橋區中山路一段200號,
s_2022207,蔡家豪,台北市立建國高級中學,二年級,0911-530-709,新北市永和區永和路一段100號,
s_2022208,楊志豪,台北市立第一女子高級中學,三年級,0910-596-817,新北市板橋區中山路一段200號,
s_2022209,林思涵,台北市立第一女子高級中學,三年級,0952-460-395,台北市信義區松高路11號,
s_2022210,林心妤,台北市立建國高級中學,三年級,0992-243-665,台北市中正區忠孝西路一段120號,
s_2022211,陳柏翰,基隆市立中山高級中學,二年級,0982-177-992,新北市永和區永和路一段100號,
s_2022212,王柏翰,台北市立第一女子高級中學,一年級,0910-638-141,基隆市仁愛區愛三路50號,
s_2022213,王昀潔,新北市立新店高級中學,一年級,0931-173-709,基隆市中正區北寧路100號,
s_2022214,王思涵,新北市立新店高級中學,二年級,0911-258-895,基隆市仁愛區愛三路50號,
s_2022215,李昱婷,台北市立建國高級中學,二年級,0931-485-157,台北市中正區忠孝西路一段120號,
s_2022216,陳志豪,台北市立建國高級中學,三年級,0972-265-938,新北市永和區永和路一段100號,
s_2022217,劉昱婷,台北市立第一女子高級中學,三年級,0930-228-452,基隆市仁愛區愛三路50號,
s_2022218,楊昀潔,台北市立建國高級中學,三年級,0910-550-172,基隆市中正區北寧路100號,
s_2022219,劉志豪,台北市立第一女子高級中學,三年級,0931-216-277,台北市信義區松高路11號,
s_2022220,李昀潔,基隆市立中山高級中學,三年級,0982-653-287,台北市中正區忠孝西路一段120號,
s_2022221,劉佳穎,基隆市立中山高級中學,三年級,0992-171-761,台北市信義區松高路11號,
s_2022222,楊柏翰,台北市立第一女子高級中學,三年級,0982-877-850,基隆市仁愛區愛三路50號,
s_2022223,吳怡君,台北市立第一女子高級中學,三年級,0910-563-609,新北市永和區永和路一段100號,
s_2022224,吳昀潔,新北市立新店高級中學,二年級,0982-570-160,基隆市中正區北寧路100號,
s_2022225,蔡佳穎,基隆市立中山高級中學,二年級,0952-169-905,新北市板橋區中山路一段200號,
s_2022226,吳心妤,基隆市立中山高級中學,一年級,0972-976-254,新北市板橋區中山路一段200號,
s_2022227,陳心妤,基隆市立中山高級中學,一年級,0911-551-412,基隆市中正區北寧路100號,
s_2022228,陳柏翰,台北市立建國高級中學,二年級,0952-660-438,台北市信義區松高路11號,
s_2022229,劉佳穎,台北市立第一女子高級中學,二年級,0992-631-644,基隆市中正區北寧路100號,
s_2022230,黃家豪,新北市立新店高級中學,二年級,0912-261-418,台北市中正區忠孝西路一段120號,
s_2022231,楊心妤,台北市立建國高級中學,二年級,0912-245-496,新北市永和區永和路一段100號,
s_2022232,吳家豪,基隆市立中山高級中學,三年級,0911-205-400,基隆市中正區北寧路100號,
s_2022233,王思涵,台北市立建國高級中學,一年級,0982-525-684,台北市中正區忠孝西路一段120號,
s_2022234,林思涵,基隆市立中山高級中學,三年級,0952-792-631,新北市板橋區中山路一段200號,
s_2022235,蔡心妤,新北市立新店高級中學,一年級,0992-299-903,基隆市中正區北寧路100號,
s_2022236,黃家豪,台北市立建國高級中學,一年級,0972-712-302,台北市信義區松高路11號,
s_2022237,吳柏翰,台北市立建國高級中學,一年級,0992-322-594,新北市板橋區中山路一段200號,
s_2022238,劉思涵,台北市立建國高級中學,三年級,0912-188-281,台北市中正區忠孝西路一段120號,
s_2022239,蔡心妤,台北市立第一女子高級中學,二年級,0911-897-965,台北市信義區松高路11號,
s_2022240,黃佳穎,基隆市立中山高級中學,二年級,0912-617-760,台北市中正區忠孝西路一段120號,
s_2022241,王志豪,基隆市立中山高級中學,三年級,0931-963-337,基隆市中正區北寧路100號,
s_2022242,吳冠宇,台北市立建國高級中學,一年級,0930-160-465,基隆市仁愛區愛三路50號,
s_2022243,陳柏翰,新北市立新店高級中學,三年級,0982-116-992,新北市板橋區中山路一段200號,
s_2022244,楊佳穎,新北市立新店高級中學,一年級,0930-102-867,基隆市仁愛區愛三路50號,
s_2022245,蔡家豪,基隆市立中山高級中學,二年級,0910-790-441,基隆市中正區北寧路100號,
s_2022246,王心妤,台北市立建國高級中學,二年級,0992-635-492,台北市信義區松高路11號,
s_2022247,劉家豪,台北市立建國高級中學,二年級,0912-967-930,台北市信義區松高路11號,
s_2022248,劉家豪,新北市立新店高級中學,二年級,0931-923-516,新北市板橋區中山路一段200號,
s_2022249,林怡君,台北市立建國高級中學,一年級,0930-168-605,台北市中正區忠孝西路一段120號,
s_2022250,林佳穎,台北市立建國高級中學,三年級,0911-563-516,台北市信義區松高路11號,
s_2022251,吳昀潔,台北市立建國高級中學,一年級,0992-399-600,基隆市中正區北寧路100號,
s_2022252,林佳穎,台北市立建國高級中學,一年級,0931-717-888,基隆市中正區北寧路100號,
s_2022253,林佳穎,基隆市立中山高級中學,二年級,0982-704-536,台北市信義區松高路11號,
s_2022254,陳佳穎,新北市立新店高級中學,一年級,0972-598-463,基隆市中正區北寧路100號,
s_2022255,陳怡君,基隆市立中山高級中學,二年級,0911-338-981,新北市板橋區中山路一段200號,
s_2022256,劉怡君,台北市立第一女子高級中學,一年級,0910-307-181,基隆市仁愛區愛三路50號,
s_2022257,李心妤,新北市立新店高級中學,三年級,0931-879-799,新北市永和區永和路一段100號,
s_2022258,蔡佳穎,新北市立新店高級中學,二年級,0912-851-520,台北市中正區忠孝西路一段120號,
s_2022259,黃志豪,台北市立第一女子高級中學,三年級,0912-580-346,基隆市中正區北寧路100號,
s_2022260,李志豪,台北市立建國高級中學,一年級,0931-301-422,新北市永和區永和路一段100號,
s_2022261,劉心妤,基隆市立中山高級中學,一年級,0982-203-364,台北市信義區松高路11號,
s_2022262,王昀潔,基隆市立中山高級中學,二年級,0911-460-475,新北市永和區永和路一段100號,
s_2022263,張怡君,新北市立新店高級中學,三年級,0982-133-977,台北市中正區忠孝西路一段120號,
s_2022264,蔡思涵,台北市立建國高級中學,一年級,0930-310-648,台北市中正區忠孝西路一段120號,
s_2022265,林冠宇,基隆市立中山高級中學,三年級,0952-261-171,新北市永和區永和路一段100號,
s_2022266,李昱婷,基隆市立中山高級中學,二年級,0931-643-447,台北市中正區忠孝西路一段120號,
s_2022267,黃思涵,新北市立新店高級中學,一年級,0952-758-812,新北市永和區永和路一段100號,
s_2022268,陳志豪,新北市立新店高級中學,三年級,0972-179-790,新北市永和區永和路一段100號,
s_2022269,李思涵,基隆市立中山高級中學,三年級,0982-597-257,台北市信義區松高路11號,
s_2022270,蔡昀潔,基隆市立中山高級中學,一年級,0911-128-235,基隆市中正區北寧路100號,
s_2022271,黃志豪,新北市立新店高級中學,二年級,0930-249-227,新北市永和區永和路一段100號,
s_2022272,劉佳穎,基隆市立中山高級中學,二年級,0911-119-612,台北市中正區忠孝西路一段120號,
s_2022273,張昀潔,台北市立第一女子高級中學,一年級,0912-306-607,基隆市中正區北寧路100號,
s_2022274,王志豪,新北市立新店高級中學,二年級,0912-194-477,新北市板橋區中山路一段200號,
s_2022275,林思涵,基隆市立中山高級中學,一年級,0982-597-669,基隆市仁愛區愛三路50號,
s_2022276,蔡昀潔,台北市立第一女子高級中學,三年級,0910-663-350,基隆市仁愛區愛三路50號,
s_2022277,楊怡君,台北市立建國高級中學,一年級,0992-241-756,台北市信義區松高路11號,
s_2022278,黃佳穎,基隆市立中山高級中學,三年級,0982-373-796,台北市信義區松高路11號,
s_2022279,林柏翰,新北市立新店高級中學,二年級,0930-292-867,基隆市仁愛區愛三路50號,
s_2022280,黃思涵,台北市立建國高級中學,二年級,0992-925-291,台北市中正區忠孝西路一段120號,
s_2022281,王家豪,台北市立第一女子高級中學,三年級,0931-100-964,台北市中正區忠孝西路一段120號,
s_2022282,張佳穎,新北市立新店高級中學,三年級,0911-991-824,基隆市仁愛區愛三路50號,
s_2022283,劉昱婷,台北市立第一女子高級中學,一年級,0931-615-967,新北市板橋區中山路一段200號,
s_2022284,吳昱婷,台北市立建國高級中學,二年級,0972-300-601,台北市中正區忠孝西路一段120號,
s_2022285,李家豪,新北市立新店高級中學,三年級,0972-574-533,基隆市仁愛區愛三路50號,
s_2022286,楊家豪,基隆市立中山高級中學,二年級,0982-390-662,台北市中正區忠孝西路一段120號,
s_2022287,林怡君,基隆市立中山高級中學,三年級,0911-681-182,基隆市仁愛區愛三路50號,
s_2022288,劉冠宇,新北市立新店高級中學,三年級,0910-280-495,基隆市仁愛區愛三路50號,
s_2022289,王怡君,新北市立新店高級中學,二年級,0982-283-577,基隆市仁愛區愛三路50號,
s_2022290,吳昱婷,基隆市立中山高級中學,三年級,0930-577-348,基隆市中正區北寧路100號,
s_2022291,林怡君,台北市立第一女子高級中學,一年級,0910-268-906,基隆市仁愛區愛三路50號,
s_2022292,劉志豪,台北市立建國高級中學,二年級,0910-633-268,台北市中正區忠孝西路一段120號,
s_2022293,蔡家豪,台北市立建國高級中學,三年級,0931-201-698,新北市永和區永和路一段100號,
s_2022294,陳心妤,台北市立第一女子高級中學,一年級,0952-591-808,基隆市中正區北寧路100號,
s_2022295,陳志豪,台北市立建國高級中學,一年級,0931-589-652,新北市永和區永和路一段100號,
s_2022296,李志豪,基隆市立中山高級中學,二年級,0972-496-698,台北市信義區松高路11號,
s_2022297,蔡思涵,台北市立建國高級中學,一年級,0930-360-574,新北市板橋區中山路一段200號,
s_2022298,黃柏翰,台北市立第一女子高級中學,二年級,0992-739-109,台北市信義區松高路11號,
s_2022299,張昀潔,台北市立第一女子高級中學,三年級,0952-922-516,新北市板橋區中山路一段200號,
s_2022300,林冠宇,新北市立新店高級中學,二年級,0931-882-850,新北市永和區永和路一段100號,
s_2022301,劉心妤,台北市立第一女子高級中學,二年級,0910-567-238,基隆市中正區北寧路100號,
s_2022302,王冠宇,新北市立新店高級中學,一年級,0972-760-313,台北市中正區忠孝西路一段120號,
s_2022303,林昱婷,新北市立新店高級中學,二年級,0952-232-904,新北市永和區永和路一段100號,
s_2022304,吳思涵,新北市立新店高級中學,三年級,0910-164-840,台北市中正區忠孝西路一段120號,
s_2022305,張志豪,台北市立第一女子高級中學,一年級,0952-562-392,台北市信義區松高路11號,
s_2022306,張柏翰,台北市立第一女子高級中學,一年級,0910-653-401,新北市永和區永和路一段100號,
s_2022307,李柏翰,新北市立新店高級中學,三年級,0982-822-977,基隆市中正區北寧路100號,
s_2022308,黃冠宇,台北市立建國高級中學,一年級,0912-882-333,新北市板橋區中山路一段200號,
s_2022309,吳柏翰,台北市立第一女子高級中學,三年級,0992-320-688,基隆市仁愛區愛三路50號,
s_2022310,蔡志豪,基隆市立中山高級中學,一年級,0931-157-122,基隆市仁愛區愛三路50號,
s_2022311,楊昱婷,基隆市立中山高級中學,一年級,0911-524-691,基隆市中正區北寧路100號,
s_2022312,蔡柏翰,台北市立第一女子高級中學,一年級,0911-506-642,新北市永和區永和路一段100號,
s_2022313,張昱婷,台北市立建國高級中學,一年級,0992-855-491,基隆市中正區北寧路100號,
s_2022314,黃佳穎,台北市立第一女子高級中學,三年級,0931-939-997,新北市板橋區中山路一段200號,
s_2022315,張佳穎,新北市立新店高級中學,三年級,0972-141-171,台北市信義區松高路11號,
s_2022316,劉柏翰,台北市立第一女子高級中學,一年級,0910-461-452,台北市信義區松高路11號,
s_2022317,王思涵,台北市立第一女子高級中學,三年級,0982-687-580,台北市中正區忠孝西路一段120號,
s_2022318,劉柏翰,新北市立新店高級中學,三年級,0912-188-888,新北市板橋區中山路一段200號,
s_2022319,王冠宇,台北市立建國高級中學,三年級,0992-441-295,台北市中正區忠孝西路一段120號,
s_2022320,李家豪,新北市立新店高級中學,一年級,0912-576-897,基隆市中正區北寧路100號,
s_2022321,林昱婷,基隆市立中山高級中學,三年級,0912-806-742,新北市板橋區中山路一段200號,
s_2022322,林思涵,新北市立新店高級中學,一年級,0982-955-511,新北市板橋區中山路一段200號,
s_2022323,王佳穎,台北市立第一女子高級中學,三年級,0982-396-378,新北市永和區永和路一段100號,
s_2022324,楊柏翰,基隆市立中山高級中學,一年級,0931-936-716,基隆市中正區北寧路100號,
s_2022325,蔡佳穎,台北市立第一女子高級中學,一年級,0930-439-401,新北市永和區永和路一段100號,
s_2022326,王思涵,台北市立第一女子高級中學,二年級,0952-592-274,台北市信義區松高路11號,
s_2022327,楊心妤,新北市立新店高級中學,三年級,0931-682-356,台北市中正區忠孝西路一段120號,
s_2022328,李冠宇,台北市立建國高級中學,二年級,0972-676-974,新北市永和區永和路一段100號,
s_2022329,楊心妤,基隆市立中山高級中學,一年級,0931-914-105,台北市信義區松高路11號,
s_2022330,林怡君,台北市立建國高級中學,一年級,0992-928-854,台北市信義區松高路11號,
s_2022331,楊佳穎,基隆市立中山高級中學,一年級,0992-611-514,新北市永和區永和路一段100號,
s_2022332,蔡佳穎,新北市立新店高級中學,三年級,0910-811-755,新北市永和區永和路一段100號,
s_2022333,楊柏翰,台北市立第一女子高級中學,二年級,0982-896-878,基隆市中正區北寧路100號,
s_2022334,黃家豪,台北市立第一女子高級中學,三年級,0972-995-640,台北市中正區忠孝西路一段120號,
s_2022335,楊佳穎,台北市立第一女子高級中學,一年級,0972-617-129,台北市中正區忠孝西路一段120號,
s_2022336,蔡志豪,新北市立新店高級中學,二年級,0911-618-682,新北市板橋區中山路一段200號,
s_2022337,劉佳穎,新北市立新店高級中學,二年級,0972-241-912,基隆市仁愛區愛三路50號,
s_2022338,張佳穎,台北市立第一女子高級中學,三年級,0912-611-787,基隆市仁愛區愛三路50號,
s_2022339,張家豪,新北市立新店高級中學,三年級,0912-323-336,台北市中正區忠孝西路一段120號,
s_2022340,黃柏翰,新北市立新店高級中學,三年級,0952-126-876,基隆市中正區北寧路100號,
s_2022341,黃心妤,台北市立建國高級中學,三年級,0912-239-674,基隆市中正區北寧路100號,
s_2022342,黃昀潔,台北市立第一女子高級中學,一年級,0910-320-200,台北市中正區忠孝西路一段120號,
s_2022343,張佳穎,新北市立新店高級中學,二年級,0972-114-852,新北市永和區永和路一段100號,
s_2022344,張怡君,基隆市立中山高級中學,三年級,0911-479-208,台北市信義區松高路11號,
s_2022345,楊怡君,新北市立新店高級中學,三年級,0912-274-790,新北市永和區永和路一段100號,
s_2023001,楊柏翰,台北市立建國高級中學,一年級,0972-758-302,台北市信義區松高路11號,
s_2023002,張心妤,台北市立建國高級中學,二年級,0992-132-750,基隆市仁愛區愛三路50號,
s_2023003,吳家豪,台北市立第一女子高級中學,三年級,0992-752-365,基隆市仁愛區愛三路50號,
s_2023004,蔡佳穎,基隆市立中山高級中學,三年級,0910-904-678,新北市永和區永和路一段100號,
s_2023005,黃思涵,台北市立第一女子高級中學,三年級,0972-700-965,新北市永和區永和路一段100號,
s_2023006,吳心妤,台北市立第一女子高級中學,一年級,0972-288-638,台北市信義區松高路11號,
s_2023007,蔡怡君,基隆市立中山高級中學,一年級,0952-897-772,基隆市中正區北寧路100號,
s_2023008,吳昱婷,新北市立新店高級中學,二年級,0972-223-930,台北市中正區忠孝西路一段120號,
s_2023009,李志豪,新北市立新店高級中學,一年級,0952-317-723,新北市永和區永和路一段100號,
s_2023010,吳心妤,台北市立建國高級中學,三年級,0910-600-292,基隆市中正區北寧路100號,
s_2023011,楊冠宇,基隆市立中山高級中學,一年級,0911-360-924,新北市板橋區中山路一段200號,
s_2023012,陳佳穎,新北市立新店高級中學,三年級,0952-824-525,基隆市中正區北寧路100號,
s_2023013,吳志豪,台北市立第一女子高級中學,一年級,0952-122-309,新北市永和區永和路一段100號,
s_2023014,劉昱婷,台北市立第一女子高級中學,一年級,0992-468-736,台北市中正區忠孝西路一段120號,
s_2023015,張昱婷,台北市立建國高級中學,二年級,0910-183-664,台北市信義區松高路11號,
s_2023016,陳冠宇,台北市立第一女子高級中學,三年級,0911-184-118,台北市信義區松高路11號,
s_2023017,吳思涵,台北市立第一女子高級中學,三年級,0910-511-647,台北市中正區忠孝西路一段120號,
s_2023018,劉昀潔,台北市立第一女子高級中學,三年級,0972-632-786,新北市永和區永和路一段100號,
s_2023019,林冠宇,基隆市立中山高級中學,三年級,0952-426-708,基隆市中正區北寧路100號,
s_2023020,王志豪,台北市立建國高級中學,三年級,0910-680-298,台北市信義區松高路11號,
s_2023021,李心妤,基隆市立中山高級中學,二年級,0911-230-418,新北市板橋區中山路一段200號,
s_2023022,劉志豪,新北市立新店高級中學,二年級,0952-263-269,基隆市仁愛區愛三路50號,
s_2023023,張冠宇,基隆市立中山高級中學,三年級,0952-164-794,新北市板橋區中山路一段200號,
s_2023024,王柏翰,新北市立新店高級中學,一年級,0931-127-672,新北市永和區永和路一段100號,
s_2023025,陳志豪,基隆市立中山高級中學,一年級,0930-358-521,新北市板橋區中山路一段200號,
s_2023026,王志豪,新北市立新店高級中學,二年級,0930-370-702,台北市信義區松高路11號,
s_2023027,楊心妤,台北市立第一女子高級中學,一年級,0930-528-698,台北市中正區忠孝西路一段120號,
s_2023028,林心妤,新北市立新店高級中學,二年級,0952-475-353,新北市永和區永和路一段100號,
s_2023029,劉昀潔,基隆市立中山高級中學,一年級,0910-294-313,基隆市仁愛區愛三路50號,
s_2023030,黃志豪,台北市立建國高級中學,一年級,0982-575-619,新北市板橋區中山路一段200號,
s_2023031,楊志豪,台北市立第一女子高級中學,三年級,0910-992-397,台北市信義區松高路11號,
s_2023032,陳昱婷,台北市立第一女子高級中學,一年級,0911-412-954,基隆市仁愛區愛三路50號,
s_2023033,陳家豪,新北市立新店高級中學,三年級,0910-238-448,台北市中正區忠孝西路一段120號,
s_2023034,黃家豪,台北市立第一女子高級中學,一年級,0930-937-312,基隆市中正區北寧路100號,
s_2023035,王家豪,新北市立新店高級中學,三年級,0972-413-981,新北市板橋區中山路一段200號,
s_2023036,楊思涵,基隆市立中山高級中學,一年級,0911-499-952,基隆市中正區北寧路100號,
s_2023037,張怡君,新北市立新店高級中學,二年級,0910-819-601,台北市中正區忠孝西路一段120號,
s_2023038,李柏翰,台北市立建國高級中學,二年級,0930-575-552,台北市信義區松高路11號,
s_2023039,林昀潔,新北市立新店高級中學,一年級,0912-316-687,基隆市仁愛區愛三路50號,
s_2023040,蔡佳穎,基隆市立中山高級中學,一年級,0972-106-462,基隆市中正區北寧路100號,
s_2023041,陳家豪,基隆市立中山高級中學,三年級,0972-961-983,基隆市仁愛區愛三路50號,
s_2023042,蔡冠宇,基隆市立中山高級中學,一年級,0930-504-175,基隆市中正區北寧路100號,
s_2023043,蔡家豪,台北市立建國高級中學,二年級,0952-625-902,基隆市中正區北寧路100號,
s_2023044,李柏翰,台北市立第一女子高級中學,三年級,0931-127-597,台北市中正區忠孝西路一段120號,
s_2023045,黃昀潔,台北市立建國高級中學,三年級,0910-305-453,基隆市中正區北寧路100號,
s_2023046,李冠宇,台北市立第一女子高級中學,二年級,0982-913-546,基隆市中正區北寧路100號,
s_2023047,劉心妤,台北市立第一女子高級中學,二年級,0952-407-675,新北市永和區永和路一段100號,
s_2023048,劉思涵,台北市立第一女子高級中學,三年級,0982-601-468,台北市信義區松高路11號,
s_2023049,蔡怡君,新北市立新店高級中學,一年級,0972-627-791,台北市中正區忠孝西路一段120號,
s_2023050,楊柏翰,台北市立建國高級中學,二年級,0930-250-134,基隆市中正區北寧路100號,
s_2023051,張昱婷,台北市立第一女子高級中學,一年級,0930-521-998,台北市中正區忠孝西路一段120號,
s_2023052,張家豪,台北市立第一女子高級中學,三年級,0930-119-741,台北市信義區松高路11號,
s_2023053,吳心妤,台北市立建國高級中學,二年級,0972-746-530,基隆市仁愛區愛三路50號,
s_2023054,林思涵,台北市立第一女子高級中學,一年級,0952-659-330,基隆市中正區北寧路100號,
s_2023055,吳昱婷,基隆市立中山高級中學,三年級,0952-306-223,新北市板橋區中山路一段200號,
s_2023056,林怡君,基隆市立中山高級中學,一年級,0911-995-625,台北市中正區忠孝西路一段120號,
s_2023057,王家豪,台北市立建國高級中學,二年級,0982-192-284,台北市信義區松高路11號,
s_2023058,黃昀潔,台北市立第一女子高級中學,二年級,0982-704-192,新北市永和區永和路一段100號,
s_2023059,黃昱婷,新北市立新店高級中學,一年級,0910-914-368,新北市板橋區中山路一段200號,
s_2023060,陳志豪,基隆市立中山高級中學,三年級,0992-486-566,台北市信義區松高路11號,
s_2023061,陳思涵,台北市立第一女子高級中學,二年級,0931-874-925,台北市中正區忠孝西路一段120號,
s_2023062,李怡君,台北市立建國高級中學,一年級,0912-981-877,台北市中正區忠孝西路一段120號,
s_2023063,蔡昱婷,基隆市立中山高級中學,一年級,0930-576-641,基隆市仁愛區愛三路50號,
s_2023064,陳昱婷,台北市立建國高級中學,三年級,0992-230-630,台北市中正區忠孝西路一段120號,
s_2023065,李冠宇,基隆市立中山高級中學,二年級,0930-948-407,新北市永和區永和路一段100號,
s_2023066,黃家豪,新北市立新店高級中學,二年級,0992-453-502,基隆市仁愛區愛三路50號,
s_2023067,陳思涵,台北市立第一女子高級中學,三年級,0952-987-558,新北市板橋區中山路一段200號,
s_2023068,張昱婷,新北市立新店高級中學,三年級,0910-394-657,台北市信義區松高路11號,
s_2023069,吳怡君,台北市立建國高級中學,一年級,0930-666-326,台北市信義區松高路11號,
s_2023070,李思涵,台北市立建國高級中學,三年級,0930-386-361,基隆市中正區北寧路100號,
s_2023071,黃志豪,台北市立第一女子高級中學,三年級,0952-599-170,台北市中正區忠孝西路一段120號,
s_2023072,楊心妤,台北市立第一女子高級中學,三年級,0992-809-551,基隆市中正區北寧路100號,
s_2023073,吳家豪,台北市立第一女子高級中學,一年級,0910-225-636,基隆市中正區北寧路100號,
s_2023074,林冠宇,新北市立新店高級中學,一年級,0912-345-135,台北市中正區忠孝西路一段120號,
s_2023075,蔡佳穎,台北市立建國高級中學,一年級,0952-716-576,台北市信義區松高路11號,
s_2023076,黃怡君,台北市立建國高級中學,二年級,0992-415-853,新北市永和區永和路一段100號,
s_2023077,蔡志豪,台北市立建國高級中學,三年級,0992-893-507,台北市中正區忠孝西路一段120號,
s_2023078,黃冠宇,台北市立第一女子高級中學,二年級,0931-223-505,新北市永和區永和路一段100號,
s_2023079,吳心妤,台北市立第一女子高級中學,一年級,0931-998-982,基隆市中正區北寧路100號,
s_2023080,王思涵,台北市立建國高級中學,三年級,0972-331-856,台北市信義區松高路11號,
s_2023081,李冠宇,台北市立建國高級中學,三年級,0931-445-706,基隆市中正區北寧路100號,
s_2023082,林志豪,台北市立第一女子高級中學,一年級,0911-912-607,台北市信義區松高路11號,
s_2023083,蔡冠宇,台北市立第一女子高級中學,一年級,0992-878-157,基隆市仁愛區愛三路50號,
s_2023084,林冠宇,新北市立新店高級中學,二年級,0931-400-992,台北市信義區松高路11號,
s_2023085,李冠宇,台北市立第一女子高級中學,一年級,0931-166-336,台北市中正區忠孝西路一段120號,
s_2023086,林心妤,台北市立第一女子高級中學,三年級,0982-974-314,台北市中正區忠孝西路一段120號,
s_2023087,林昀潔,基隆市立中山高級中學,三年級,0931-982-724,新北市永和區永和路一段100號,
s_2023088,楊家豪,新北市立新店高級中學,二年級,0930-976-609,台北市中正區忠孝西路一段120號,
s_2023089,蔡柏翰,基隆市立中山高級中學,三年級,0982-587-245,新北市板橋區中山路一段200號,
s_2023090,蔡思涵,基隆市立中山高級中學,二年級,0930-466-325,新北市永和區永和路一段100號,
s_2023091,劉昱婷,基隆市立中山高級中學,三年級,0930-980-277,新北市板橋區中山路一段200號,
s_2023092,陳家豪,台北市立建國高級中學,二年級,0911-842-197,基隆市仁愛區愛三路50號,
s_2023093,劉志豪,基隆市立中山高級中學,三年級,0952-459-676,新北市板橋區中山路一段200號,
s_2023094,張佳穎,台北市立第一女子高級中學,二年級,0911-168-314,台北市中正區忠孝西路一段120號,
s_2023095,蔡昱婷,台北市立建國高級中學,三年級,0910-697-857,台北市中正區忠孝西路一段120號,
s_2023096,張心妤,基隆市立中山高級中學,三年級,0992-722-809,基隆市中正區北寧路100號,
s_2023097,黃冠宇,基隆市立中山高級中學,三年級,0972-557-109,基隆市仁愛區愛三路50號,
s_2023098,王怡君,基隆市立中山高級中學,二年級,0912-573-508,新北市永和區永和路一段100號,
s_2023099,劉柏翰,基隆市立中山高級中學,二年級,0910-589-811,新北市永和區永和路一段100號,
s_2023100,劉柏翰,台北市立建國高級中學,一年級,0992-666-440,新北市永和區永和路一段100號,
s_2023101,林心妤,基隆市立中山高級中學,三年級,0912-450-989,新北市板橋區中山路一段200號,
s_2023102,李昱婷,基隆市立中山高級中學,三年級,0931-159-784,基隆市仁愛區愛三路50號,
s_2023103,蔡冠宇,新北市立新店高級中學,三年級,0982-395-118,新北市永和區永和路一段100號,
s_2023104,蔡心妤,台北市立建國高級中學,三年級,0930-184-425,新北市永和區永和路一段100號,
s_2023105,王思涵,新北市立新店高級中學,二年級,0972-193-462,基隆市中正區北寧路100號,
s_2023106,楊志豪,新北市立新店高級中學,一年級,0912-357-814,台北市信義區松高路11號,
s_2023107,楊怡君,台北市立建國高級中學,三年級,0972-570-958,新北市板橋區中山路一段200號,
s_2023108,王心妤,新北市立新店高級中學,一年級,0992-576-197,基隆市仁愛區愛三路50號,
s_2023109,蔡志豪,台北市立建國高級中學,三年級,0972-306-187,基隆市中正區北寧路100號,
s_2023110,王昱婷,台北市立第一女子高級中學,二年級,0931-640-426,新北市永和區永和路一段100號,
s_2023111,林家豪,台北市立建國高級中學,一年級,0912-823-819,基隆市中正區北寧路100號,
s_2023112,蔡佳穎,台北市立第一女子高級中學,三年級,0982-747-634,基隆市中正區北寧路100號,
s_2023113,李怡君,台北市立建國高級中學,二年級,0992-380-149,台北市中正區忠孝西路一段120號,
s_2023114,陳怡君,新北市立新店高級中學,二年級,0912-148-344,新北市永和區永和路一段100號,
s_2023115,蔡佳穎,台北市立建國高級中學,一年級,0931-703-453,新北市板橋區中山路一段200號,
s_2023116,張冠宇,基隆市立中山高級中學,二年級,0912-513-203,新北市永和區永和路一段100號,
s_2023117,楊家豪,台北市立建國高級中學,一年級,0982-556-596,基隆市仁愛區愛三路50號,
s_2023118,林佳穎,台北市立建國高級中學,三年級,0931-797-822,基隆市仁愛區愛三路50號,
s_2023119,李昀潔,台北市立第一女子高級中學,一年級,0910-625-439,台北市中正區忠孝西路一段120號,
s_2023120,黃怡君,台北市立第一女子高級中學,三年級,0992-230-720,基隆市仁愛區愛三路50號,
s_2023121,張昱婷,基隆市立中山高級中學,二年級,0972-614-114,台北市信義區松高路11號,
s_2023122,李志豪,台北市立第一女子高級中學,三年級,0912-192-162,基隆市仁愛區愛三路50號,
s_2023123,蔡冠宇,新北市立新店高級中學,二年級,0992-798-453,基隆市中正區北寧路100號,
s_2023124,陳怡君,新北市立新店高級中學,一年級,0982-838-246,基隆市仁愛區愛三路50號,
s_2023125,張冠宇,新北市立新店高級中學,一年級,0930-265-283,台北市中正區忠孝西路一段120號,
s_2023126,楊冠宇,基隆市立中山高級中學,二年級,0930-734-358,台北市中正區忠孝西路一段120號,
s_2023127,張柏翰,台北市立建國高級中學,三年級,0910-533-513,基隆市仁愛區愛三路50號,
s_2023128,楊冠宇,台北市立第一女子高級中學,二年級,0952-102-834,基隆市中正區北寧路100號,
s_2023129,張志豪,基隆市立中山高級中學,二年級,0910-312-230,基隆市中正區北寧路100號,
s_2023130,王怡君,台北市立建國高級中學,一年級,0992-148-889,新北市板橋區中山路一段200號,
s_2023131,楊家豪,台北市立建國高級中學,一年級,0911-719-108,台北市信義區松高路11號,
s_2023132,黃志豪,台北市立建國高級中學,一年級,0952-383-390,台北市信義區松高路11號,
s_2023133,劉柏翰,台北市立建國高級中學,三年級,0912-833-245,台北市中正區忠孝西路一段120號,
s_2023134,劉佳穎,台北市立建國高級中學,一年級,0972-860-973,新北市永和區永和路一段100號,
s_2023135,劉佳穎,新北市立新店高級中學,一年級,0910-588-626,台北市中正區忠孝西路一段120號,
s_2023136,王冠宇,台北市立第一女子高級中學,一年級,0912-935-681,台北市信義區松高路11號,
s_2023137,張怡君,基隆市立中山高級中學,三年級,0952-118-659,新北市板橋區中山路一段200號,
s_2023138,張冠宇,新北市立新店高級中學,二年級,0931-215-768,台北市信義區松高路11號,
s_2023139,林昱婷,台北市立建國高級中學,一年級,0972-544-483,基隆市仁愛區愛三路50號,
s_2023140,黃思涵,台北市立建國高級中學,一年級,0931-798-866,台北市信義區松高路11號,
s_2023141,吳志豪,台北市立建國高級中學,三年級,0931-162-314,基隆市中正區北寧路100號,
s_2023142,劉冠宇,台北市立第一女子高級中學,一年級,0972-476-462,基隆市仁愛區愛三路50號,
s_2023143,李昀潔,台北市立第一女子高級中學,二年級,0930-592-636,新北市板橋區中山路一段200號,
s_2023144,楊昱婷,新北市立新店高級中學,一年級,0972-995-692,台北市中正區忠孝西路一段120號,
s_2023145,王昀潔,台北市立建國高級中學,三年級,0992-378-808,台北市中正區忠孝西路一段120號,
s_2023146,陳柏翰,新北市立新店高級中學,一年級,0912-411-592,台北市中正區忠孝西路一段120號,
s_2023147,劉冠宇,台北市立第一女子高級中學,三年級,0930-170-880,基隆市仁愛區愛三路50號,
s_2023148,劉思涵,台北市立建國高級中學,二年級,0982-247-792,基隆市仁愛區愛三路50號,
s_2023149,李志豪,新北市立新店高級中學,三年級,0930-492-759,基隆市仁愛區愛三路50號,
s_2023150,陳家豪,基隆市立中山高級中學,二年級,0952-411-453,新北市板橋區中山路一段200號,
s_2023151,張柏翰,新北市立新店高級中學,一年級,0912-848-482,新北市板橋區中山路一段200號,
s_2023152,劉怡君,台北市立第一女子高級中學,一年級,0972-635-752,基隆市中正區北寧路100號,
s_2023153,黃思涵,基隆市立中山高級中學,二年級,0982-135-299,台北市信義區松高路11號,
s_2023154,楊昀潔,台北市立第一女子高級中學,一年級,0972-656-571,基隆市仁愛區愛三路50號,
s_2023155,林志豪,台北市立第一女子高級中學,三年級,0910-912-358,台北市信義區松高路11號,
s_2023156,吳怡君,基隆市立中山高級中學,二年級,0952-771-884,新北市永和區永和路一段100號,
s_2023157,蔡昱婷,台北市立建國高級中學,一年級,0911-711-959,台北市信義區松高路11號,
s_2023158,劉冠宇,基隆市立中山高級中學,一年級,0931-806-932,新北市板橋區中山路一段200號,
s_2023159,林冠宇,基隆市立中山高級中學,二年級,0952-156-367,新北市永和區永和路一段100號,
s_2023160,陳怡君,基隆市立中山高級中學,二年級,0982-414-396,新北市永和區永和路一段100號,
s_2023161,王怡君,基隆市立中山高級中學,二年級,0931-874-169,台北市信義區松高路11號,
s_2023162,李柏翰,台北市立建國高級中學,一年級,0982-322-683,台北市信義區松高路11號,
s_2023163,黃柏翰,台北市立第一女子高級中學,二年級,0910-379-239,台北市中正區忠孝西路一段120號,
s_2023164,黃家豪,台北市立建國高級中學,一年級,0910-770-920,台北市中正區忠孝西路一段120號,
s_2023165,蔡怡君,新北市立新店高級中學,三年級,0992-460-273,基隆市仁愛區愛三路50號,
s_2023166,林昀潔,新北市立新店高級中學,一年級,0992-233-306,新北市板橋區中山路一段200號,
s_2023167,王柏翰,新北市立新店高級中學,三年級,0931-761-829,台北市中正區忠孝西路一段120號,
s_2023168,王思涵,基隆市立中山高級中學,二年級,0972-552-717,台北市信義區松高路11號,
s_2023169,陳思涵,新北市立新店高級中學,三年級,0912-640-389,新北市永和區永和路一段100號,
s_2023170,張柏翰,新北市立新店高級中學,三年級,0910-562-314,台北市信義區松高路11號,
s_2023171,劉家豪,台北市立第一女子高級中學,二年級,0972-210-588,基隆市中正區北寧路100號,
s_2023172,黃志豪,基隆市立中山高級中學,一年級,0952-731-645,台北市中正區忠孝西路一段120號,
s_2023173,王思涵,新北市立新店高級中學,二年級,0992-745-132,新北市永和區永和路一段100號,
s_2023174,劉心妤,新北市立新店高級中學,二年級,0972-813-958,台北市中正區忠孝西路一段120號,
s_2023175,林志豪,台北市立第一女子高級中學,二年級,0952-278-728,台北市信義區松高路11號,
s_2023176,陳佳穎,台北市立建國高級中學,二年級,0992-382-777,新北市永和區永和路一段100號,
s_2023177,王柏翰,台北市立第一女子高級中學,三年級,0931-375-270,新北市板橋區中山路一段200號,
s_2023178,楊昀潔,台北市立建國高級中學,二年級,0911-372-285,台北市中正區忠孝西路一段120號,
s_2023179,張昱婷,新北市立新店高級中學,三年級,0930-959-748,台北市中正區忠孝西路一段120號,
s_2023180,林佳穎,台北市立第一女子高級中學,一年級,0911-301-853,新北市板橋區中山路一段200號,
s_2023181,林思涵,基隆市立中山高級中學,三年級,0992-163-812,台北市中正區忠孝西路一段120號,
s_2023182,張昱婷,新北市立新店高級中學,二年級,0972-905-693,台北市信義區松高路11號,
s_2023183,林昱婷,基隆市立中山高級中學,二年級,0931-228-346,新北市永和區永和路一段100號,
s_2023184,吳思涵,台北市立第一女子高級中學,一年級,0910-185-845,台北市中正區忠孝西路一段120號,
s_2023185,陳昱婷,新北市立新店高級中學,三年級,0931-615-655,台北市信義區松高路11號,
s_2023186,楊冠宇,台北市立建國高級中學,一年級,0911-292-296,新北市永和區永和路一段100號,
s_2023187,陳昀潔,台北市立第一女子高級中學,二年級,0911-342-320,台北市中正區忠孝西路一段120號,
s_2023188,黃冠宇,台北市立建國高級中學,一年級,0911-900-236,新北市板橋區中山路一段200號,
s_2023189,王心妤,台北市立建國高級中學,三年級,0930-716-553,台北市信義區松高路11號,
s_2023190,王柏翰,台北市立建國高級中學,二年級,0912-791-522,新北市永和區永和路一段100號,
s_2023191,吳思涵,新北市立新店高級中學,一年級,0911-938-656,台北市信義區松高路11號,
s_2023192,劉佳穎,新北市立新店高級中學,一年級,0912-158-457,台北市信義區松高路11號,
s_2023193,王怡君,基隆市立中山高級中學,一年級,0911-663-932,基隆市中正區北寧路100號,
s_2023194,張昱婷,台北市立第一女子高級中學,一年級,0992-783-982,新北市板橋區中山路一段200號,
s_2023195,張思涵,基隆市立中山高級中學,二年級,0992-393-843,基隆市中正區北寧路100號,
s_2023196,王昀潔,台北市立第一女子高級中學,三年級,0992-768-537,台北市信義區松高路11號,
s_2023197,李佳穎,台北市立第一女子高級中學,三年級,0952-627-393,台北市中正區忠孝西路一段120號,
s_2023198,黃昱婷,台北市立建國高級中學,二年級,0982-571-900,新北市板橋區中山路一段200號,
s_2023199,王家豪,新北市立新店高級中學,二年級,0992-680-478,基隆市中正區北寧路100號,
s_2023200,林昀潔,新北市立新店高級中學,一年級,0931-495-519,基隆市中正區北寧路100號,
s_2023201,楊思涵,基隆市立中山高級中學,三年級,0930-963-829,新北市板橋區中山路一段200號,
s_2023202,陳志豪,新北市立新店高級中學,三年級,0911-319-101,基隆市仁愛區愛三路50號,
s_2023203,林佳穎,新北市立新店高級中學,二年級,0952-571-543,新北市板橋區中山路一段200號,
s_2023204,楊家豪,台北市立第一女子高級中學,二年級,0911-956-531,基隆市仁愛區愛三路50號,
s_2023205,劉冠宇,台北市立建國高級中學,二年級,0982-293-228,新北市永和區永和路一段100號,
s_2023206,吳志豪,基隆市立中山高級中學,三年級,0930-199-698,新北市永和區永和路一段100號,
s_2023207,陳冠宇,基隆市立中山高級中學,三年級,0931-244-981,台北市中正區忠孝西路一段120號,
s_2023208,陳冠宇,基隆市立中山高級中學,一年級,0972-442-116,台北市中正區忠孝西路一段120號,
s_2023209,林怡君,基隆市立中山高級中學,一年級,0911-366-102,台北市信義區松高路11號,
s_2023210,張柏翰,新北市立新店高級中學,一年級,0911-780-481,基隆市仁愛區愛三路50號,
s_2023211,蔡冠宇,基隆市立中山高級中學,三年級,0911-607-349,基隆市中正區北寧路100號,
s_2023212,蔡思涵,新北市立新店高級中學,二年級,0992-388-896,新北市板橋區中山路一段200號,
s_2023213,蔡昱婷,新北市立新店高級中學,一年級,0992-298-709,基隆市中正區北寧路100號,
s_2023214,張冠宇,基隆市立中山高級中學,二年級,0912-369-603,新北市板橋區中山路一段200號,
s_2023215,劉柏翰,台北市立第一女子高級中學,三年級,0972-811-638,新北市板橋區中山路一段200號,
s_2023216,楊家豪,新北市立新店高級中學,一年級,0930-973-470,台北市信義區松高路11號,
s_2023217,林柏翰,新北市立新店高級中學,一年級,0911-639-758,新北市永和區永和路一段100號,
s_2023218,林冠宇,台北市立第一女子高級中學,三年級,0982-784-942,基隆市中正區北寧路100號,
s_2023219,黃佳穎,新北市立新店高級中學,一年級,0931-680-583,台北市信義區松高路11號,
s_2023220,黃昀潔,基隆市立中山高級中學,一年級,0911-153-459,台北市信義區松高路11號,
s_2023221,李昱婷,台北市立第一女子高級中學,三年級,0931-924-599,台北市信義區松高路11號,
s_2023222,陳冠宇,基隆市立中山高級中學,二年級,0931-109-695,新北市永和區永和路一段100號,
s_2023223,黃昀潔,基隆市立中山高級中學,二年級,0972-693-575,新北市板橋區中山路一段200號,
s_2023224,蔡思涵,台北市立第一女子高級中學,一年級,0931-869-479,台北市信義區松高路11號,
s_2023225,李柏翰,台北市立第一女子高級中學,一年級,0982-486-380,基隆市中正區北寧路100號,
s_2023226,劉心妤,新北市立新店高級中學,三年級,0952-693-718,基隆市仁愛區愛三路50號,
s_2023227,劉柏翰,新北市立新店高級中學,一年級,0910-948-917,台北市信義區松高路11號,
s_2023228,林家豪,台北市立建國高級中學,三年級,0972-981-896,台北市中正區忠孝西路一段120號,
s_2023229,李冠宇,台北市立建國高級中學,一年級,0912-166-431,新北市板橋區中山路一段200號,
s_2023230,張冠宇,基隆市立中山高級中學,三年級,0952-466-872,新北市板橋區中山路一段200號,
s_2023231,劉心妤,台北市立建國高級中學,一年級,0911-441-920,基隆市中正區北寧路100號,
s_2023232,張柏翰,基隆市立中山高級中學,一年級,0910-336-182,新北市永和區永和路一段100號,
s_2023233,李思涵,新北市立新店高級中學,一年級,0992-114-380,基隆市仁愛區愛三路50號,
s_2023234,李柏翰,台北市立建國高級中學,三年級,0982-708-117,基隆市仁愛區愛三路50號,
s_2023235,楊心妤,台北市立第一女子高級中學,一年級,0982-862-858,台北市中正區忠孝西路一段120號,
s_2023236,林志豪,新北市立新店高級中學,二年級,0952-831-684,基隆市仁愛區愛三路50號,
s_2023237,林家豪,基隆市立中山高級中學,三年級,0992-915-386,新北市板橋區中山路一段200號,
s_2023238,劉怡君,基隆市立中山高級中學,二年級,0952-280-915,台北市信義區松高路11號,
s_2023239,楊昀潔,新北市立新店高級中學,二年級,0992-991-417,基隆市仁愛區愛三路50號,
s_2023240,黃冠宇,新北市立新店高級中學,三年級,0912-217-585,台北市中正區忠孝西路一段120號,
s_2023241,張家豪,台北市立第一女子高級中學,三年級,0982-106-434,基隆市仁愛區愛三路50號,
s_2023242,張昱婷,台北市立建國高級中學,二年級,0952-372-738,新北市板橋區中山路一段200號,
s_2023243,李柏翰,基隆市立中山高級中學,二年級,0992-919-787,新北市板橋區中山路一段200號,
s_2023244,王怡君,台北市立建國高級中學,三年級,0912-207-896,台北市中正區忠孝西路一段120號,
s_2023245,楊冠宇,台北市立第一女子高級中學,二年級,0982-265-938,台北市中正區忠孝西路一段120號,
s_2023246,陳昀潔,台北市立建國高級中學,二年級,0952-100-976,台北市信義區松高路11號,
s_2023247,楊家豪,基隆市立中山高級中學,二年級,0912-790-120,台北市信義區松高路11號,
s_2023248,張思涵,新北市立新店高級中學,二年級,0911-614-864,新北市板橋區中山路一段200號,
s_2023249,蔡心妤,新北市立新店高級中學,一年級,0930-528-231,台北市信義區松高路11號,
s_2023250,蔡志豪,台北市立第一女子高級中學,二年級,0952-688-430,台北市信義區松高路11號,
s_2023251,黃思涵,台北市立建國高級中學,一年級,0930-195-960,基隆市仁愛區愛三路50號,
s_2023252,吳怡君,新北市立新店高級中學,二年級,0992-345-375,新北市板橋區中山路一段200號,
s_2023253,王冠宇,新北市立新店高級中學,二年級,0910-414-511,新北市板橋區中山路一段200號,
s_2023254,王思涵,台北市立建國高級中學,一年級,0912-776-403,新北市永和區永和路一段100號,
s_2023255,王昀潔,基隆市立中山高級中學,二年級,0992-138-101,台北市信義區松高路11號,
s_2023256,劉柏翰,台北市立第一女子高級中學,二年級,0972-112-734,台北市中正區忠孝西路一段120號,
s_2023257,王家豪,新北市立新店高級中學,二年級,0912-121-834,基隆市中正區北寧路100號,
s_2023258,張昱婷,台北市立第一女子高級中學,二年級,0911-541-274,新北市永和區永和路一段100號,
s_2023259,蔡柏翰,台北市立建國高級中學,二年級,0992-307-152,新北市永和區永和路一段100號,
s_2023260,楊柏翰,基隆市立中山高級中學,一年級,0912-340-772,新北市永和區永和路一段100號,
s_2023261,黃志豪,基隆市立中山高級中學,三年級,0931-204-679,台北市信義區松高路11號,
s_2023262,陳冠宇,台北市立建國高級中學,一年級,0930-500-799,基隆市中正區北寧路100號,
s_2023263,劉怡君,基隆市立中山高級中學,二年級,0952-517-602,新北市板橋區中山路一段200號,
s_2023264,黃志豪,新北市立新店高級中學,一年級,0931-634-847,基隆市仁愛區愛三路50號,
s_2023265,王柏翰,新北市立新店高級中學,一年級,0992-521-805,基隆市仁愛區愛三路50號,
s_2023266,吳佳穎,台北市立建國高級中學,一年級,0911-239-403,台北市信義區松高路11號,
s_2023267,陳昱婷,台北市立建國高級中學,二年級,0952-183-547,台北市信義區松高路11號,
s_2023268,吳昀潔,基隆市立中山高級中學,三年級,0910-221-128,新北市永和區永和路一段100號,
s_2023269,王家豪,台北市立建國高級中學,三年級,0930-778-675,台北市中正區忠孝西路一段120號,
s_2023270,張柏翰,新北市立新店高級中學,二年級,0931-882-464,台北市中正區忠孝西路一段120號,
s_2023271,黃志豪,台北市立建國高級中學,三年級,0952-352-528,新北市永和區永和路一段100號,
s_2023272,王昱婷,台北市立第一女子高級中學,一年級,0992-868-795,新北市板橋區中山路一段200號,
s_2023273,蔡冠宇,基隆市立中山高級中學,二年級,0952-646-879,台北市信義區松高路11號,
s_2023274,吳柏翰,基隆市立中山高級中學,一年級,0931-909-201,台北市中正區忠孝西路一段120號,
s_2023275,李家豪,台北市立第一女子高級中學,一年級,0912-268-122,基隆市仁愛區愛三路50號,
s_2023276,劉家豪,台北市立建國高級中學,一年級,0952-271-804,台北市中正區忠孝西路一段120號,
s_2023277,李思涵,台北市立建國高級中學,三年級,0982-218-576,基隆市仁愛區愛三路50號,
s_2023278,吳柏翰,台北市立第一女子高級中學,一年級,0982-203-201,新北市板橋區中山路一段200號,
s_2023279,林佳穎,新北市立新店高級中學,三年級,0952-610-963,台北市信義區松高路11號,
s_2023280,楊怡君,新北市立新店高級中學,三年級,0992-962-722,台北市中正區忠孝西路一段120號,
s_2023281,李怡君,基隆市立中山高級中學,三年級,0930-598-987,基隆市中正區北寧路100號,
s_2023282,黃昀潔,台北市立第一女子高級中學,二年級,0912-229-965,新北市永和區永和路一段100號,
s_2023283,李家豪,基隆市立中山高級中學,一年級,0952-971-265,台北市中正區忠孝西路一段120號,
s_2023284,陳心妤,新北市立新店高級中學,一年級,0931-672-919,新北市永和區永和路一段100號,
s_2023285,王昱婷,基隆市立中山高級中學,三年級,0972-407-740,新北市板橋區中山路一段200號,
s_2023286,蔡志豪,台北市立第一女子高級中學,二年級,0910-499-861,台北市信義區松高路11號,
s_2023287,蔡佳穎,基隆市立中山高級中學,二年級,0912-278-683,基隆市仁愛區愛三路50號,
s_2023288,陳家豪,新北市立新店高級中學,一年級,0952-390-561,新北市板橋區中山路一段200號,
s_2023289,楊昱婷,基隆市立中山高級中學,二年級,0992-759-138,基隆市仁愛區愛三路50號,
s_2023290,張家豪,台北市立第一女子高級中學,三年級,0972-606-474,新北市板橋區中山路一段200號,
s_2023291,林家豪,基隆市立中山高級中學,二年級,0992-231-739,台北市中正區忠孝西路一段120號,
s_2023292,吳佳穎,台北市立建國高級中學,二年級,0982-278-779,台北市中正區忠孝西路一段120號,
s_2023293,陳思涵,台北市立第一女子高級中學,三年級,0912-818-392,台北市信義區松高路11號,
s_2023294,吳冠宇,新北市立新店高級中學,二年級,0930-980-226,台北市中正區忠孝西路一段120號,
s_2023295,蔡怡君,台北市立建國高級中學,三年級,0930-936-627,基隆市中正區北寧路100號,
s_2023296,劉柏翰,基隆市立中山高級中學,一年級,0910-914-564,基隆市中正區北寧路100號,
s_2023297,黃昀潔,新北市立新店高級中學,三年級,0912-403-508,新北市永和區永和路一段100號,
s_2023298,劉佳穎,台北市立建國高級中學,三年級,0912-868-805,台北市中正區忠孝西路一段120號,
s_2023299,林冠宇,台北市立第一女子高級中學,三年級,0930-937-679,新北市板橋區中山路一段200號,
s_2023300,楊心妤,台北市立第一女子高級中學,三年級,0972-696-873,基隆市中正區北寧路100號,
s_2023301,林冠宇,台北市立建國高級中學,二年級,0911-377-113,台北市信義區松高路11號,
s_2023302,吳心妤,基隆市立中山高級中學,二年級,0952-922-852,台北市中正區忠孝西路一段120號,
s_2023303,陳柏翰,基隆市立中山高級中學,三年級,0982-741-779,台北市信義區松高路11號,
s_2023304,楊冠宇,新北市立新店高級中學,二年級,0930-455-779,基隆市中正區北寧路100號,
s_2023305,黃昀潔,台北市立第一女子高級中學,三年級,0912-312-445,基隆市仁愛區愛三路50號,
s_2023306,蔡柏翰,基隆市立中山高級中學,二年級,0992-123-332,新北市永和區永和路一段100號,
s_2023307,蔡冠宇,新北市立新店高級中學,一年級,0931-487-808,新北市永和區永和路一段100號,
s_2023308,王佳穎,新北市立新店高級中學,二年級,0992-826-364,台北市信義區松高路11號,
s_2023309,吳怡君,台北市立第一女子高級中學,一年級,0930-733-852,新北市永和區永和路一段100號,
s_2023310,陳家豪,台北市立建國高級中學,一年級,0982-963-963,新北市板橋區中山路一段200號,
s_2023311,黃佳穎,基隆市立中山高級中學,二年級,0910-880-617,台北市信義區松高路11號,
s_2023312,劉志豪,台北市立建國高級中學,一年級,0930-563-427,新北市永和區永和路一段100號,
s_2023313,蔡志豪,新北市立新店高級中學,二年級,0912-572-486,基隆市仁愛區愛三路50號,
s_2023314,林家豪,新北市立新店高級中學,三年級,0952-938-491,基隆市中正區北寧路100號,
s_2023315,李昱婷,基隆市立中山高級中學,三年級,0982-370-937,新北市永和區永和路一段100號,
s_2023316,張心妤,台北市立第一女子高級中學,三年級,0982-375-637,基隆市仁愛區愛三路50號,
s_2023317,李明宇,台北市立第一女子高級中學,二年級,0912-345-678,台北市中正區中華路一段100號,
s_2023318,林怡君,台北市立建國高級中學,三年級,0911-234-567,台北市中正區忠孝西路一段120號,
s_2023319,張怡君,新北市立新店高級中學,一年級,0912-456-789,新北市板橋區中山路一段200號,
s_2023320,李怡君,基隆市立中山高級中學,一年級,0911-345-678,基隆市中正區北寧路100號,
s_2023321,陳怡君,基隆市立中山高級中學,三年級,0912-234-567,新北市板橋區中山路一段200號,
s_2023322,林間五,台北市立建國高級中學,一年級,0911-456-789,台北市中正區忠孝西路一段120號,
s_2023323,李光焰,新北市立新店高級中學,二年級,0912-345-678,新北市板橋區中山路一段200號,
s_2023324,張心頤,基隆市立中山高級中學,三年級,0911-234-567,基隆市中正區北寧路100號,
s_2023325,李若詞,台北市立第一女子高級中學,三年級,0912-456-789,台北市中正區中華路一段100號,
s_2023326,林完,台北市立建國高級中學,三年級,0911-345-678,台北市中正區忠孝西路一段120號,
s_2023327,張心怡,新北市立新店高級中學,一年級,0912-234-567,新北市板橋區中山路一段200號,
s_2023328,李心怡,基隆市立中山高級中學,一年級,0911-456-789,基隆市中正區北寧路104號,
s_2023329,苗心彤,基隆市立中山高級中學,三年級,0912-345-678,新北市板橋區中山路一段200號,
s_2023330,陳怡君,台北市立第一女子高級中學,一年級,0913-567-890,台北市中正區忠孝東路一段50號,已離開
s_2023331,黃子瑋,台北市立建國高級中學,二年級,0934-678-901,台北市中山區建國北路二段150號,
s_2023332,邱家豪,台北市立師大附中,三年級,0956-789-012,台北市大安區和平東路三段250號,
s_2023333,蔡依林,台北市立中山高級中學,一年級,0967-890-123,台北市中山區建國北路三段350號,
s_2023334,張玉婷,台北市立第二女子高級中學,二年級,0978-901-234,台北市大安區信義路四段100號,
s_2023335,林俊宇,台北市立第一女子高級中學,一年級,0915-678-901,台北市中正區南昌路一段60號,
s_2023336,李欣怡,台北市立建國高級中學,三年級,0921-234-567,台北市中山區建國北路二段120號,已離開
s_2023337,吳柏君,台北市立師大附中,二年級,0932-345-678,台北市大安區和平東路三段270號,
s_2023338,張宇翔,台北市立中山高級中學,一年級,0943-456-789,台北市中山區建國北路四段130號,已離開
s_2023339,黃思涵,台北市立第一女子高級中學,三年級,0954-567-890,台北市大安區信義路四段250號,
s_2023340,王子豪,台北市立建國高級中學,二年級,0965-678-901,台北市中山區建國北路二段180號,已離開
s_2023341,劉家瑋,台北市立師大附中,一年級,0976-789-012,台北市大安區和平東路三段320號,
s_2023342,許雅婷,台北市立第一女子高級中學,三年級,0987-890-123,台北市中正區忠孝東路一段80號,已離開
s_2023343,周子瑜,台北市立建國高級中學,一年級,0914-567-890,台北市中山區建國北路三段200號,
s_2023344,張書豪,台北市立師大附中,二年級,0924-678-901,台北市大安區和平東路三段350號,已離開
s_2023345,蘇曼婷,台北市立中山高級中學,三年級,0935-789-012,台北市中山區建國北路四段180號,
s_2023346,李宗儒,台北市立第二女子高級中學,一年級,0946-890-123,台北市大安區信義路四段150號,
s_2023347,楊雅雯,台北市立第一女子高級中學,二年級,0957-901-234,台北市中正區中華路一段120號,
s_2023348,陳品儒,台北市立建國高級中學,三年級,0968-234-567,台北市中山區建國北路二段220號,
s_2023349,孫琳儀,台北市立師大附中,一年級,0979-345-678,台北市大安區和平東路三段400號,
s_2023350,王可欣,台北市立中山高級中學,二年級,0980-456-789,台北市中山區建國北路三段250號,
s_2023351,李睿君,台北市立第一女子高級中學,三年級,0910-567-890,台北市大安區信義路四段350號,
s_2023352,曾嘉義,台北市立第一女子高級中學,一年級,0921-678-901,台北市中正區南昌路一段110號,已離開
s_2023353,許子軒,台北市立建國高級中學,二年級,0932-789-012,台北市中山區建國北路二段300號,
s_2023354,高宇彤,台北市立師大附中,三年級,0943-890-123,台北市大安區和平東路三段500號,已離開
s_2023355,陳怡君,台北市立中山高級中學,一年級,0954-901-234,台北市中山區建國北路四段280號,
s_2023356,林雨桐,台北市立第一女子高級中學,二年級,0965-234-567,台北市大安區信義路四段450號,
s_2023357,張崇文,台北市立建國高級中學,三年級,0976-345-678,台北市中山區建國北路二段350號,
s_2023358,黃中要,台北市立師大附中,一年級,0987-456-789,台北市大安區和平東路三段600號,
s_2023359,王維德,台北市立中山高級中學,二年級,0918-567-890,台北市中山區建國北路三段400號,
